,codigo_cvm,cnpj,nome_social,nome_comercial,status,telefone,uf,municipio,logradouro,data_patrimonio_liquido,valor_patrimonio_liquido,data_inicio_situacao,data_registro
0,2275,76621457000185,4UM DTVM S.A.,4UM INVESTIMENTOS,CANCELADA,33519966,PR,CURITIBA,R. VISCONDE DO RIO BRANCO 1488,2005-12-31,4228660.18,2006-10-05,1968-01-15
1,1112,33819590000138,AÇÃO S.A. CORRETORA DE VALORES E CÂMBIO,ACAO SA CVC,CANCELADA,35095755,RJ,RIO DE JANEIRO,"PRAÇA OLAVO BILAC, 28/ SL. 608",2000-12-31,291862.38,2001-04-11,1968-04-19
2,2500,92856905000186,ACTION CCVM S.A.,ACTION CORRETORA,CANCELADA,32287977,SP,SAO PAULO,AL FRANCA 1050/ 6 AND/CJ 63-64,2004-12-31,666907.71,2000-02-23,1967-05-22
3,736,24159923000159,ACTION S.A. EMPREENDIMENTOS E PARTICIPAÇÕES,ACTION DISTRIBUIDORA,CANCELADA,31788923,SP,SAO PAULO,AV.BRIG. FARIA LIMA,1999-12-31,629349.55,1993-06-23,1988-10-06
4,2895,74014747000135,AGORA CTVM S.A.,AGORA-SENIOR CTVM S.A .,EM FUNCIONAMENTO NORMAL,21786198,SP,SAO PAULO,"AVENIDA PAULISTA ,1450",2022-12-31,449810368.63,1993-12-22,1993-12-22
5,140,5452073000138,ALBATROSS CCV S.A.,ALBATROSS CCV S.A.,CANCELADA,32930334,SP,SAO PAULO,"AV PAULISTA, 1439",2018-12-31,7434620.07,2019-10-23,1975-07-18
6,2160,62178421000164,ALFA CORRETORA DE CAMBIO E VALORES MOBILIARIOS S.A,ALFA CORRETORA DE CAMBIO E VALORES MOBILIARIOS S.A,EM FUNCIONAMENTO NORMAL,31755050,SP,SAO PAULO,"ALAMEDA SANTOS, 466",2022-12-31,312849190.14,1968-07-15,1968-07-15
7,3484,3882245000188,"ALPES CORRETORA DE CÂMBIO, TÍTULOS E VALORES MOBILIÁRIOS LTDA",ALPES CCTVM LTDA,CANCELADA,31928910,SP,SAO PAULO,"AV PAULISTA, 1754",2015-12-31,65270.28,2017-07-05,2001-09-27
8,2771,85010361000171,ALVES FERREIRA CV LTDA,ALVES FERREIRA,CANCELADA,33231122,PR,CURITIBA,"RUA COMENDADOR ARAUJO, 143",2005-12-31,959316.61,2006-02-15,1992-05-04
9,590,17312661000155,AMARIL FRANKLIN CTV LTDA,AMARIL CTV,EM FUNCIONAMENTO NORMAL,32358128,MG,BELO HORIZONTE,"RUA GUAJAJARAS, 581",2022-12-31,11260352.45,1967-08-25,1967-08-25
10,3379,3449895000134,ARROW DTVM S/A,ARROW DTVM S/A,CANCELADA,32428082,PA,BELEM,"AV.SENADOR LEMOS,247/CONJ.102",1999-12-31,1167368.83,2000-11-24,1999-11-03
11,1040,33775974000104,ATIVA INVESTIMENTOS S.A. C.T.C.V.,ATIVA S/A CTCV,EM FUNCIONAMENTO NORMAL,39578326,RJ,RIO DE JANEIRO,"AV DAS AMERICAS, 3.500",2022-12-31,66197970.53,1967-11-10,1967-11-10
12,2780,40425498000159,ATLANTICA COR TIT VAL MOB LTDA,ATLANTICA CTVM LTDA,CANCELADA,35323677,RJ,RIO DE JANEIRO,"RUA DA ASSEMBLEIA, 77/ 18 AND.",1998-12-31,3383541.03,1999-12-09,1992-03-23
13,3158,62122718000108,ATRIUM S.A. DTVM,ATRIUM S.A. CVM,CANCELADA,30455266,SP,SAO PAULO,"AV. DR. CARDOSO DE MELO, 1955",2002-12-31,3803018.24,2003-10-23,1995-12-13
14,116,4967022000186,ATTUAL PARTICIPAÇÕES LTDA,ATTUAL,CANCELADA,32342250,AM,MANAUS,"RUA BARROSO,162",2002-12-31,1161413.78,2003-12-29,1983-08-22
15,2330,76645704000183,AUREUM CONSULTORIA LTDA,AUREUM,CANCELADA,32225006,PR,CURITIBA,"R MARECHAL DEODORO, 252/ 1 AND",2009-12-31,195259.36,2010-06-18,1968-08-19
16,1716,60991023000137,AVAL SA CCVM,AVAL,CANCELADA,32834188,PE,RECIFE,"R.IMP.D.PEDRO II,239/1 AND/102",1993-12-31,17554800.14,1994-06-13,1967-06-09
17,1759,61384004000105,AVENUE SECURITIES DTVM LTDA.,AVENUE SECURITIES DTVM,CANCELADA,23855535,SP,SAO PAULO,"RUA SANTA JUSTINA, 660",2005-12-31,13620776.89,2006-04-07,1989-08-18
18,2356,78336633000162,BANCO ARAUCÁRIA S.A.,ARAUCARIA,CANCELADA,33106566,PR,CURITIBA,"PCA.OZORIO 400, CONJ. 1601",1990-12-31,356788453.43,1995-06-20,1990-01-01
19,833,28157204000150,BANCO SANTOS NEVES S.A.,SANTOS NEVES,CANCELADA,33343700,ES,VITORIA,R.ALBERTO DE O.SANTOS 40 LJ.6,1990-12-31,241304904.05,1991-06-05,1968-10-31
20,361,10995587000170,BANCO SIMPLES S.A.,BR MERCANTIL,CANCELADA,32395150,PE,RECIFE,"AV CONSELHEIRO AGUIAR, 2646",1999-12-31,40742797.02,1996-05-31,1968-06-11
21,2224,76550714000135,BANESTADO CVM S/A,BANESTADO CVM S/A,CANCELADA,50198101,SP,SAO PAULO,"PÇA ALFREDO E.S.ARANHA,100",2005-12-31,135902038.66,2006-06-21,1968-06-11
22,310,9793746000174,BANORTE CVM SA,BANORTE CVM SA,CANCELADA,34127649,PE,RECIFE,AV DANTAS BARRETO 507/ 1 ANDAR,1997-12-31,5589829.02,1999-11-04,1971-11-10
23,2593,93026847000126,BANRISUL S.A. CORRETORA DE VALORES MOBILIÁRIOS E CÂMBIO,BANRISUL S.A. CVMC,EM FUNCIONAMENTO NORMAL,32152877,RS,PORTO ALEGRE,"RUA CALDAS JR., 108",2022-12-31,105373833.3,1971-07-08,1971-07-08
24,388,11031473000172,BANTRIAL - CTVM LTDA,BANTRIAL,CANCELADA,34242202,PE,RECIFE,"AV MARQUES DE OLINDA,296-2 AND",2005-12-31,639448.34,2006-09-04,1970-10-07
25,3638,11634773000146,BARCLAYS CORRETORA DE TÍTULOS E VALORES MOBILIÁRIOS S.A.,BARCLAYS CORRETORA DE TÍTULOS E VALORES MOBILIÁRIOS S.A.,CANCELADA,37577707,SP,SAO PAULO,"AV. BRIG. FARIA LIMA, N 4440,",2013-12-31,142472413.08,2016-05-31,2010-04-19
26,1830,61732954000183,BCV - CORRETORA DE CÂMBIO E VALORES MOBILIÁRIOS S.A. - EM LIQUIDAÇÃO,SCHAHIN CCVM S/A,CANCELADA,21262229,SP,SAO PAULO,"ALAMEDA SANTOS, 2335",2011-12-31,20356480.9,2014-03-12,1989-08-09
27,2399,83043372000122,BESC SA CTVC - BESCAM,BESC - CORRETORA,CANCELADA,32166300,SC,FLORIANOPOLIS,"R DEODORO 209 1,2 E 4 ANDARES",1997-12-31,2911038.31,1999-06-25,1975-07-11
28,1163,33868878000100,BITTENCOURT S/A EMPREENDIMENTOS E PARTICIPAÇÕES,BITTENCOURT,CANCELADA,22521882,RJ,RIO DE JANEIRO,"RUA DO OUVIDOR, 130",2004-12-31,4809916.34,2005-06-13,1967-11-01
29,230,7700131000120,BM BEZERRA DE MENEZES PARTICIPAÇÕES S.A.,BIC,CANCELADA,35231522,CE,FORTALEZA,"RUA CANUTO DE AGUIAR, 1220",2013-12-31,232904421.88,2016-09-02,1985-07-09
30,558,17304692000164,BMG CORRETORA SA,BMG CORRETORA,CANCELADA,33392000,MG,BELO HORIZONTE,AV ALVARES CABRAL 1707/ 12 AND,1999-12-31,28288860.94,2000-01-10,1967-08-18
31,264,8030215000167,BMG S/A DISTRIBUIDORA DE TÍTULOS E VALORES MOBILIÁRIOS,OAK,CANCELADA,30672210,SP,SAO PAULO,"AV.PRES.JUSCELINO KUBITSCHEK, 1830",1996-12-31,5742058.8,1995-12-07,1971-12-09
32,469,15213150000150,BOCOM BBM CCVM S.A.,BOCOM BBM CORRETORA,EM FUNCIONAMENTO NORMAL,25148448,RJ,RIO DE JANEIRO,"AV BARÃO DE TEFÉ, 34/SL 1801 E 1802",2022-12-31,18187304.77,1967-09-29,1967-09-29
33,2038,61855045000132,BRADESCO S/A CTVM,BRADESCO S/A CTVM,EM FUNCIONAMENTO NORMAL,38479888,SP,SAO PAULO,AVENIDA PRESIDENTE JUSCELINO KUBITSCHEK,2022-12-31,2413676469.76,1967-08-04,1967-08-04
34,3123,58229246000110,BRADESCO-KIRTON CORRETORA DE CÂMBIO S.A.,CCF BRASIL,CANCELADA,21786094,SP,SAO PAULO,"AVENIDA PAULISTA, 1450",2017-12-31,423281516.45,2018-10-22,1995-09-04
35,2798,69018810000171,BRISA AGROPECUÁRIA LTDA,SENIOR ASSESSORIA E CONSULTORIA S.A.,CANCELADA,32193372,RJ,RIO DE JANEIRO,RUA DIAS FERREIRA 190/ 6 ANDAR,2001-12-31,2650481.27,2002-02-19,1992-08-12
36,1708,60889144000172,BRKB SERVIÇOS DE CONSULTORIA ECONÔMICA S.A.,BRASCAN S.A. CORRETORA,CANCELADA,32313107,RJ,RIO DE JANEIRO,"R LAURO MULLER, 116",2012-12-31,19236836.43,2013-04-17,1967-08-21
37,3522,43815158000122,BTG PACTUAL CTVM S/A,SISTEMA,EM FUNCIONAMENTO NORMAL,33832000,SP,SAO PAULO,AV. BRIGADEIRO FARIA LIMA 3477,2022-12-31,1416566922.65,2002-10-01,2002-10-01
38,906,86726452000170,BVA CCVM S/A,BVA,CANCELADA,22528100,RJ,RIO DE JANEIRO,"AV.RIO BRANCO, 109 - 13 ANDAR",1997-12-31,1710222.77,1998-08-13,1994-01-12
39,574,17311705000122,BVL PARTICIPAÇÕES LTDA,BVL,CANCELADA,32877000,MG,BELO HORIZONTE,"AV. AFONSO PENA, 2770/ 11º AND",2011-12-31,915070.47,2012-02-01,1967-09-29
40,1295,35835933000183,CAMBIAL GESTÃO PATRIMONIAL S/A,CAMBIAL GESTÃO PATRIMONIAL S/A,CANCELADA,32963100,RJ,RIO DE JANEIRO,R RODRIGO SILVA 26 14 ANDAR,1997-12-31,6462529.58,1998-02-05,1989-06-28
41,515,15230501000131,CATEDRAL CCTM LTDA,CATEDRAL CCTM LTDA,CANCELADA,33261733,BA,SALVADOR,"RUA MIGUEL CALMON,555",2013-12-31,1155898.5,2015-10-07,1969-12-10
42,3565,7554076000108,CGD INVESTIMENTOS CORRETORA DE VALORES E CAMBIO S.A.,BANIF PRIMUS CORRETORA DE TITULOS E VALORES MOBILIARIOS E CAMBIO S.A.,EM FUNCIONAMENTO NORMAL,30739300,SP,SAO PAULO,"AV. PRESIDENTE JUSCELINO KUBITSCHEK, 1830",2022-12-31,23912291.59,2005-09-01,2005-09-01
43,2054,61870200000190,CITIGROUP GLOBAL MARKETS BRASIL C.C.T.V.M. S.A.,INTRA SA CCV,CANCELADA,30396128,SP,SAO PAULO,"AV. BRIG. FARIA LIMA, 1461",2008-12-31,24787184.02,2010-04-13,1967-06-09
44,965,33709114000164,"CITIGROUP GLOBAL MARKETS BRASIL, CCTVM S/A",CITIBANK,EM FUNCIONAMENTO NORMAL,40095141,SP,SAO PAULO,"AV. PAULISTA, 1111",2022-12-31,852514672.83,1967-07-12,1967-07-12
45,1279,35778562000145,CITY EMPREENDIMENTOS E SERVIÇOS LTDA.,CITY CCVM LTDA,CANCELADA,31536141,RJ,RIO DE JANEIRO,"AV. DAS AMERICAS 500, BLOCO 20",2003-12-31,1820743.03,2004-02-05,1989-08-09
46,3662,15107963000166,CLEAR CORRETORA DE TÍTULOS E VALORES MOBILIÁRIOS S.A.,CLEAR CORRETORA DE TÍTULOS E VALORES MOBILIÁRIOS LTDA.,CANCELADA,30272245,SP,SAO PAULO,"AV BRIG FARIA LIMA, 3600",2016-12-31,33071605.48,2018-01-23,2012-03-01
47,1627,58225426000123,CLICKTRADE CCTVM S.A.,CLICKTRADE CCTVM S.A.,CANCELADA,31671755,SP,SAO PAULO,RUA JOAQUIM FLORIANO,2005-12-31,1178618.0,2006-10-16,1968-01-15
48,3476,2685483000130,CM CAPITAL MARKETS CCTVM LTDA,CM CAPITAL MARKETS CCTVM LTDA,EM FUNCIONAMENTO NORMAL,38421122,SP,SAO PAULO,R GOMES DE CARVALHO 1195/4 AND,2022-12-31,27549791.3,2001-05-04,2001-05-04
49,302,9512542000118,CODEPE CORRETORA DE VALORES E CÂMBIO S.A.,CODEPE - CORRETORA,EM FUNCIONAMENTO NORMAL,126080999,SP,BARUERI,ALAMEDA MADEIRA 258,2022-12-31,42207344.88,1994-05-05,1985-04-29
50,3352,2947068000108,COFIBENS CCTVM SA,COFIBENS CCTVM SA,CANCELADA,32289338,RS,PORTO ALEGRE,"RUA VASCO ALVES, 331",2000-12-31,604924.97,2001-08-08,1999-03-01
51,3018,336036000140,COINVALORES CCVM LTDA,COINVALORES,EM FUNCIONAMENTO NORMAL,30354141,SP,SAO PAULO,"AVENIDA BRIGADEIRO FARIA LIMA, 1800",2022-12-31,22834569.38,1994-11-18,1994-11-18
52,3050,120177000121,COLHEITA PARTICIPAÇÕES LTDA,SHECK - CORRETORA,CANCELADA,32830234,RJ,RIO DE JANEIRO,P?A PIO X 55 7 ANDAR,1996-12-31,2387084.03,1997-12-10,1994-06-20
53,1171,36178887000150,COLUMBOS PARTICIPAÇÕES LTDA.,PROSPER,CANCELADA,22408861,RJ,RIO DE JANEIRO,"RUA DO PASSEIO, 70",2019-12-31,595561.86,2020-11-19,1990-03-08
54,752,24523649000155,COMEX CCTVM LTDA,COMEX,CANCELADA,32111045,RN,NATAL,"AV. RIO BRANCO, 571 SALA 713",2005-12-31,576363.69,2006-10-16,1989-12-21
55,3190,40166985000144,COMPACTA CCTVM LTDA.,COMPACTA,CANCELADA,32424115,PE,RECIFE,"RUA PADRE LANDIM, 50",2002-12-31,526933.24,2003-02-03,1996-12-04
56,1937,61784278000191,COMPANHIA DE CRÉDITO FINANCIAMENTO E INVESTIMENTO RCI BRASIL,COMPANHIA DE CREDITO FINANCIAMENTO E INVESTIMENTO RCI BRAISL,CANCELADA,30251541,PR,CURITIBA,"RUA PASTEUR, 463 - 2º ANDAR",1999-12-31,12511589.44,2000-01-11,1967-07-12
57,655,17434432000103,CONSULTRADE - CONSULTORIA E PARTICIPAÇÕES LTDA,CONSULTRADE CCTVM LTDA,CANCELADA,32838722,MG,BELO HORIZONTE,"RUA PADRE ODORICO, 162",2010-12-31,617612.69,2011-11-07,1969-12-02
58,2062,61902730000172,COR PATENTE SA CVM,PATENTE,CANCELADA,38869600,SP,SAO PAULO,AV PAULISTA 1106/ 6 ANDAR,1998-12-31,14806561.32,1999-12-21,1989-08-23
59,957,33490657000133,CORRET PAULO WILLEMSENS SA TVC,PAULO WILLEMSENS,CANCELADA,32219611,RJ,RIO DE JANEIRO,R BUENOS AIRES 100 8ANDAR,1995-12-31,83207.8,1996-07-17,1968-05-09
60,167,6940282000193,CORRETORA BMC TVMC LTDA,B M C,CANCELADA,32318478,CE,FORTALEZA,"R FLORIANO PEIXOTO,380-4 ANDAR",1990-12-31,1029087922.27,1991-07-31,1975-08-06
61,2518,92858380000118,CORRETORA GERAL DE VALORES E CAMBIO LTDA,CORRETORA GERAL DE VALORES E CAMBIO LTDA,EM FUNCIONAMENTO NORMAL,32132727,RS,PORTO ALEGRE,"DR. JOSÉ MONTAURY, 139",2022-12-31,25901227.92,1967-06-23,1967-06-23
62,3590,72182306000117,CREDICORP PARTICIPAÇÕES LTDA,CREDICORP CORRETORA DE CAMBIO LTDA.,CANCELADA,22032450,RJ,RIO DE JANEIRO,"PRACA PIO X, 55 - GRUPO 902",2013-12-31,6448555.04,2014-01-31,2008-11-18
63,647,17335514000109,CREDIREAL SA CCV,CREDIREAL,CANCELADA,32393182,MG,BELO HORIZONTE,R ESPIRITO SANTO 495 7ANDAR,1997-12-31,4065666.9,1998-08-20,1968-02-09
64,1988,61809182000130,CREDIT SUISSE HEDGING-GRIFFO CORRETORA DE VALORES S.A.,CREDIT SUISSE HEDGING-GRIFFO CORRETORA DE VALORES S.A,EM FUNCIONAMENTO NORMAL,37016800,SP,SAO PAULO,RUA LEOPOLDO COUTO MAGALHÃES J,2022-12-31,193677254.33,1967-09-13,1967-09-13
65,35,4169504000190,CRUZEIRO DO SUL S.A. CORRET DE VALORES E MERCADORIAS,CRUZEIRO DO SUL S.A. CV,CANCELADA,38614100,RJ,RIO DE JANEIRO,"AV. PRESIDENTE WILSON, 231",2011-12-31,81418816.75,2015-09-11,1971-07-28
66,2305,76631522000153,DATABANK CCVM LTDA,DATABANK CCVM LTDA,CANCELADA,33428899,PR,CURITIBA,"R BISPO DOM JOSE, 2435 - 1 AND",2000-12-31,1141602.21,2001-11-29,1968-03-29
67,2348,77162881000171,DEBONI DTVM LTDA,DEBONI,CANCELADA,32216262,PR,CURITIBA,"R. MAL. DEODORO, 261 - LOJA 6",2005-12-31,2213875.62,2006-11-03,1976-08-10
68,3239,2184143000126,DEUTSCHE BANK CORRETORA DE VALORES S.A.,DEUTSCHE BANK C. V S/A,CANCELADA,21135568,SP,SAO PAULO,AV. BRIGADEIRO FARIA LIMA 3900,2015-12-31,200101216.73,2017-08-07,1997-09-19
69,3530,61795290000100,DIAS DE SOUZA - PARTICIPACOES E EMPREENDIMENTOS,DIAS DE SOUZA,CANCELADA,36077506,SP,SAO PAULO,R LIBERO BADARO 471 - 16 ANDAR,2009-12-31,3105216.31,2010-05-06,2004-02-12
70,744,24276263000196,DIBENS S/A DTVM,DIBENS,CANCELADA,30971847,SP,SAO PAULO,"RUA DA QUITANDA, 157",1999-12-31,5853547.53,1993-06-23,1989-02-22
71,1538,52937216000181,DIDIER-LEVY ASSOCIADOS CORRETORA DE CÂMBIO S/A,DIDIER-LEVY CORRETORA DE CÂMBIO LTDA,CANCELADA,31672030,SP,SAO PAULO,R JERONIMO DA VEIGA 164/8 AND.,2004-12-31,944287.53,1996-08-19,1983-09-21
72,2321,76641497000199,DOURADA CCVM LTDA,DOURADA,CANCELADA,33220833,PR,CURITIBA,"R MARECHAL DEODORO,261",2005-12-31,1901891.91,2006-10-06,1968-09-19
73,1317,35924950000197,DRESDNER BANK BRASIL S/A CCTVM,DRESDNER BANK CCTVM,CANCELADA,38243500,RJ,RIO DE JANEIRO,AV PRES WILSON 231/ 17 ANDAR,2002-12-31,1996493.96,2004-01-19,1989-12-27
74,353,10987659000137,DUBEUX GESTÃO DE PATRIMONIO E CONSULTORIA LTDA,DUBEUX,CANCELADA,32247477,PE,RECIFE,"AV. MARQUES DE OLINDA, 200",2007-12-31,282321.24,2008-12-29,1968-07-18
75,817,28048783000100,ELITE CCVM LTDA,ELITE,EM FUNCIONAMENTO NORMAL,21422100,RJ,RIO DE JANEIRO,PRAIA DE BOTAFOGO - TORRE CORCOVADO,2022-12-31,17150619.6,1983-03-30,1983-03-30
76,973,33739715000110,EQUIPE SA DTVM,EQUIPE S/A CORRETORA DE VELORES,CANCELADA,35077595,RJ,RIO DE JANEIRO,"RUA VISCONDE DE PIRAJÁ, 430",2005-12-31,412221.95,2006-12-06,1967-09-06
77,566,17305319000128,ESCRITÓRIO RUY LAGE CONSULTORIA EMPRESARIAL LTDA.,ESCRITÓRIO RUY LAGE SOCIEDADE CT LTDA,CANCELADA,32712828,MG,BELO HORIZONTE,RUA DOS CARIJÓS 150,2016-12-31,1958091.38,2017-07-06,1967-08-04
78,2887,74073974000131,ESTRATEGIA INVESTIMENTOS S/A CVC,ESTRATEGIA INVESTIMENTOS S/A CVC,CANCELADA,22101381,RJ,RIO DE JANEIRO,PRAÇA XV DE NOVEMBRO Nº 34,2013-12-31,1639609.24,2016-03-07,1993-12-03
79,1228,34190991000134,"EUROINVEST S/A - CORRETORA, CÂMBIO, TÍTULOS E  VALORES MOBILIÁRIOS",EUROINVEST,EM FUNCIONAMENTO NORMAL,21327213,RJ,RIO DE JANEIRO,AVENIDA DAS AMÉRICAS,2022-12-31,2077604.77,1989-07-26,1989-07-26
80,922,32648370000126,FAIR CORRETORA DE CÂMBIO S.A.,FAIR,CANCELADA,31912500,SP,SAO PAULO,"ALAMEDA SANTOS, 1800",2004-12-31,1660519.92,2004-12-22,1988-09-14
81,2194,63062749000183,FATOR S.A. CORRETORA DE VALORES,FATOR-DORIA ATHERINO,EM FUNCIONAMENTO NORMAL,33832000,SP,SAO PAULO,"AV. BRIGADEIRO FARIA LIMA, 3.477",2022-12-31,607250.92,1971-02-09,1971-02-09
82,1252,35759026000100,FATOR SA CVC,FATOR - CORRETORA,CANCELADA,30681000,SP,SAO PAULO,RUA AMAURI 255/ 6 AO 9 ANDARES,1998-12-31,16460135.88,1999-12-23,1989-06-28
83,2682,35594001000196,FINAMBRÁS HOLDING LTDA.,FINAMBRAS,CANCELADA,30378100,SP,SAO PAULO,"RUA PAES LEME, 524",2010-12-31,1070034.11,2011-03-29,1991-01-24
84,3425,3317692000194,FINAXIS CORRETORA DE TÍTULOS E VALORES MOBILIÁRIOS S.A.,FINAXIS CTVM S/A,EM FUNCIONAMENTO NORMAL,35269001,SP,SAO PAULO,"AV PAULISTA, 1842",2022-12-31,10291436.35,2000-10-20,2000-10-20
85,1074,73585721000184,FONTE CINDAM SA CCV,FONTE CINDAM SA CCV,CANCELADA,35405882,RJ,RIO DE JANEIRO,"AV.ATAULFO DE PAIVA,226/SL.801",1998-12-31,27986910.53,1999-10-29,1993-09-14
86,3298,73004749000180,FORTE S/A CCTVM,IPANEMA S/A CORRETORA,CANCELADA,35251111,SP,SAO PAULO,"RUA TABAPUÃ, 1123",2008-12-31,1304197.31,2008-12-30,1998-09-04
87,2283,76624337000131,FORTUNA CCV S/A,FORTUNA,CANCELADA,33227070,PR,CURITIBA,"R COMENDADOR ARAUJO,143-2 AND",1998-12-31,779096.37,1999-09-23,1968-03-29
88,698,20230272000195,GC PARTICIPAÇÕES LTDA,GERALDO CORREA,CANCELADA,37861599,MG,BELO HORIZONTE,RUA DOS INCONFIDENTES 1075,2014-12-31,3300137.73,2015-11-24,1978-04-25
89,3620,5816451000115,"GENIAL INSTITUCIONAL CORRETORA DE CÂMBIO, TÍTULOS E VALORES MOBILIÁRIOS S.A.","GENIAL INSTITUCIONAL CORRETORA DE CÂMBIO, TÍTULOS E VALORES MOBILIÁRIOS S.A.",EM FUNCIONAMENTO NORMAL,32068000,SP,SAO PAULO,"AV. BRIGADEIRO FARIA LIMA, 3.400",2022-12-31,135900961.46,2009-07-24,2009-07-24
90,3212,27652684000162,GENIAL INVESTIMENTOS CORRETORA DE VALORES MOBILIÁRIOS S.A.,GENIAL INVESTIMENTOS,EM FUNCIONAMENTO NORMAL,39233000,RJ,RIO DE JANEIRO,"PRAIA DE BOTAFOGO, Nº 228",2022-12-31,280655242.59,1997-12-04,1997-12-03
91,3581,9605581000160,GOLDMAN SACHS DO BRASIL CTVM S/A,GOLDMAN SACHS DO BRASIL CORRETORA DE TÍTULOS E VALORES MOBILIÁRIOS S.A.,EM FUNCIONAMENTO NORMAL,33710700,SP,SAO PAULO,R LEOPOLDO C MAGALHAES JR 700,2022-12-31,480407504.34,2008-05-30,2008-05-30
92,1724,65913436000117,GUIDE INVESTIMENTOS S.A. CORRETORA DE VALORES,GUIDE INVESTIMENTOS,EM FUNCIONAMENTO NORMAL,35766925,SP,SAO PAULO,AV BRIGADEIRO FARIA LIMA 3064,2022-12-31,135083854.57,1991-01-03,1991-01-03
93,728,24074692000180,GUITTA CCTVM LTDA,GUITTA,CANCELADA,31163500,SP,SAO PAULO,"R.LIBERO BADARO,293/6 AND./CJB",2004-12-31,2821370.27,1997-03-06,1988-07-13
94,1201,33894445000111,HAITONG SECURITIES DO BRASIL CORRETORA DE CÂMBIO E VALORES MOBILIÁRIOS S.A.,BES SECURITIES DO BRASIL S.A. CCVM,EM FUNCIONAMENTO NORMAL,30747444,SP,SAO PAULO,"AV BRIGADEIRO FARIA LIMA, 3729",2022-12-31,99204734.73,1968-06-21,1968-06-21
95,582,17312083000157,HH PICCHIONI SA CCVM,HH PICCHIONI,EM FUNCIONAMENTO NORMAL,32387126,MG,BELO HORIZONTE,AVENIDA BERNARDO MONTEIRO,2022-12-31,6737199.3,1967-07-19,1967-07-19
96,3700,27842177000191,"IB CORRETORA DE CAMBIO, TITULOS E VALORES MOBILIARIOS S.A.","IB CORRETORA DE C-MBIO, T-TULOS E VALORES MOBILI-RIOS LTDA.",EM FUNCIONAMENTO NORMAL,29702933,SP,SAO PAULO,AV. QUEIROZ FILHO 1700 TORRE-A,2022-12-31,3888727.53,2017-12-22,2017-12-22
97,3603,9105360000122,ICAP DO BRASIL CTVM LTDA,ICAP DO BRASIL DISTRIBUIDORA DE TÍTULOS E VALORES MOBILIÁRIOS LTDA,EM FUNCIONAMENTO NORMAL,39564200,RJ,RIO DE JANEIRO,"AV. DAS AMERICAS, Nº 3500",2022-12-31,44864943.32,2008-12-29,2008-12-29
98,1899,61757423000145,INCENTIVO PARTICIPAÇÕES S.A.,INCENTIVO PARTICIPAÇÕES S.A.,CANCELADA,31885555,SP,SAO PAULO,"RUA IAIA, Nº 77, 2º ANDAR",2001-12-31,11860692.89,2002-08-13,1967-07-14
99,3360,3014007000150,"INFINITY CORRETORA DE CAMBIO, TITULOS E VALS MOBILIARIOS S/A",INFINITY CCTVM,CANCELADA,30490770,SP,SAO PAULO,"RUA FUNCHAL, 418",2021-12-31,1164401.65,2022-07-22,1999-05-07
100,108,4848115000191,ING CCT S.A.,ING CORRETORA,CANCELADA,45046033,SP,SAO PAULO,AV. PRES. JUSCELINO KUBITSCHEK,2021-12-31,326344505.47,2022-09-21,1983-04-13
101,3280,92922525000100,INTEGRAL PARTICIPAÇÕES E EMPREENDIMENTOS LTDA.,INTEGRAL S.A.,CANCELADA,22620123,RJ,RIO DE JANEIRO,"R MARQUES S. VICENTE,99/3 AND.",2000-12-31,3524759.67,2001-06-01,1998-08-21
102,2364,78942398000172,INTERAÇÃO - ASSESSORIA E CONSULTORIA LTDA,RENDICAP,CANCELADA,33222711,PR,CURITIBA,R.BENJ.CONSTANT 67/ 9 AND/ 901,1996-12-31,226667.53,1997-02-12,1985-08-20
103,3255,21592209000161,INTERBANK S/A CCTVM,INTERBANK,CANCELADA,25330238,RJ,RIO DE JANEIRO,AV RIO BRANCO 181/ 30 ANDAR,2000-12-31,4856560.86,2001-04-18,1998-03-17
104,3263,169331000150,INTERBOLSA DO BRASIL ADMINISTRADORA DE BENS LTDA.,FINABANK,CANCELADA,40834200,SP,SAO PAULO,AV. BRIGADEIRO FARIA LIMA 1663,2012-12-31,13750199.94,2013-10-08,1994-08-11
105,3506,4020986000112,INTERFLOAT HZ ADMINISTRAÇÃO DE BENS PRÓPRIOS E PARTICIPAÇÕES LTDA,INTERFLOAT HZ CCTVM LTDA,CANCELADA,30802050,SP,SAO PAULO,"AV BRIGADEIRO FARIA LIMA, 3311",2013-12-31,57405543.9,2015-08-21,2001-08-08
106,876,29621281000181,INTERUNION S.A. CORRETORA DE TÍTULOS E VALORES MOBILIÁRIOS E CÂMBIO,INTERUNION,LIQUIDAÇÃO EXTRAJUDICIAL,32537722,RJ,RIO DE JANEIRO,AV RIO BRANCO 45 22ANDAR,1995-12-31,8045511.08,1996-12-30,1985-08-27
107,299,9493503000110,INVESTNORTE - CVMC LTDA,INVESTNORTE,CANCELADA,32242022,PE,RECIFE,"AV.MARQUÊS DE OLINDA, 200",2005-12-31,760055.71,2015-11-24,1985-01-03
108,841,39065123000146,INVESTOR SA CCTM,INVESTOR - CORRETORA,CANCELADA,32326841,RJ,RIO DE JANEIRO,"RUA SETE DE SETEMBRO, 132",2000-12-31,1977616.17,2001-10-24,1990-03-13
109,2127,62051263000187,ISOLDI PARTICIPAÇÕES S/A,ISOLDI,CANCELADA,31074021,SP,SAO PAULO,"RUA SÃO BENTO, 365",2010-12-31,25863869.12,2011-08-10,1967-12-21
110,1732,61194353000164,ITAU CORRETORA DE VALORES SA,ITAU CORRETORA,EM FUNCIONAMENTO NORMAL,50199986,SP,SAO PAULO,"AV. BRIG. FARIA LIMA, 3500",2022-12-31,2470691224.62,1967-06-30,1967-06-30
111,930,33311713000125,ITAÚ DTVM S.A.,ITAÚ DTVM S.A.,CANCELADA,50199986,SP,SAO PAULO,"AV. BRIG. FARIA LIMA, 3500",1999-12-31,40556531.44,1997-11-12,1968-06-11
112,3441,4217605000190,ITAUBANK CCTVM S/A,BANKBOSTON CCTVM S.A.,INCORPORAÇÃO,33984871,SP,SAO PAULO,AV. DR. CHUCRI ZAIDAN 246,2005-12-31,16465694.17,2006-10-31,2001-01-10
113,2585,92986355000110,ITAUVEST S.A. CVM,ITAUVEST S.A. CORRETORA,CANCELADA,50198101,SP,SAO PAULO,"PÇA. ALFREDO E.S. ARANHA, 100",2005-12-31,10711140.47,2007-08-08,1970-04-10
114,205,7262108000100,J G OLIVEIRA CCTVM,J. G. OLIVEIRA,CANCELADA,32542399,CE,FORTALEZA,"TRAV.MORADA NOVA,26/SALA 11",2006-12-31,2200367.74,2007-08-15,1976-04-23
115,914,32588139000194,J. P. MORGAN CCVM S.A.,J. P. MORGAN CCVM S.A.,EM FUNCIONAMENTO NORMAL,49503700,SP,SAO PAULO,AV. BRIGADEIRO FARIA LIMA 3729,2022-12-31,1500859258.01,1989-06-28,1989-06-28
116,3557,7256659000152,J. SAFRA CORRETORA DE VALORES E CÂMBIO LTDA.,J. SAFRA CORRETORA DE VALORES E CÂMBIO LTDA.,CANCELADA,31445380,SP,SAO PAULO,"AV. PAULISTA, 2150",2006-12-31,37761593.55,2008-09-01,2005-04-29
117,1929,61780391000107,LAVRA DISTRIBUIDORA DE TITULOS E VALORES MOBILIÁRIOS S.A.,LAVRA,CANCELADA,32392244,SP,SAO PAULO,R HADDOCK LOBO 595/ 5 E 6 AND.,1994-12-31,5231328.85,1995-09-22,1978-03-02
118,2925,581621000106,LEADERBANK CONSULTORIA E INVESTIMENTO LTDA,SURBANK,CANCELADA,32254233,PR,CURITIBA,P?A GAL OSORIO 379 CJ 1002,1996-12-31,195689.53,1997-08-22,1995-03-14
119,1600,58160250000179,LEMON BANK EMPREENDIMENTOS S.A.,PATAGON CCVM S.A.,CANCELADA,34433031,SP,SAO PAULO,AV BRIG FARIA LIMA 1461/11 AND,2002-12-31,12035043.01,2003-05-29,1971-03-10
120,2119,61973863000130,LEROSA S/A CORRETORA DE VALORES E CÂMBIO,ESCRITÓRIO LEROSA S/A CV,CANCELADA,35136600,SP,SAO PAULO,RUA OSCAR FREIRE,2021-12-31,-429450.19,2022-02-28,1967-12-27
121,1473,50579044000196,LEVYCAM - CCV LTDA,LEVYCAM,EM FUNCIONAMENTO NORMAL,28139600,SP,SAO PAULO,AVENIDA ANGELICA 2503,2022-12-31,1908966.66,1982-06-11,1982-06-11
122,477,15219389000138,MACRO PARTICIPAÇÕES LTDA,MACRO,CANCELADA,21018800,BA,SALVADOR,R PORTUGAL 24/ 501 E 502,2015-12-31,1482816.99,2016-07-27,1969-02-06
123,3344,33918160000173,"MASSA FALIDA DA GRADUAL CORRETORA DE CÂMBIO, TÍTULOS E VALORES MOBILIÁRIOS S. A.",GRADUAL CORRETORA,CANCELADA,33728300,SP,SAO PAULO,AV JUSCELINO KUBITSCHEK  1909,2017-12-31,-2024724.29,2018-05-22,1999-07-01
124,2542,92885631000153,MASSA FALIDA DE DIFERENCIAL CORRETORA DE TÍTULOS E VALORES MOBILIÁRIOS S/A,DIFERENCIAL,LIQUIDAÇÃO EXTRAJUDICIAL,30217000,RS,PORTO ALEGRE,AV. CARLOS GOMES,2011-12-31,4092876.96,2012-08-09,1967-10-17
125,3611,33886862000112,"MASTER S/A CORRETORA DE CAMBIO, TITULOS E VALORES MOBILIARIOS",MULTISTOCK S.A. C.C.V.,EM FUNCIONAMENTO NORMAL,45020100,RJ,RIO DE JANEIRO,"PRAIA DE BOTAFOGO, 228",2022-12-31,31847596.05,2009-02-17,2009-02-17
126,94,4818886000136,MAXIMA CCVM LTDA,MAXIMA,CANCELADA,22717171,RJ,RIO DE JANEIRO,R RODRIGO SILVA 26 21ANDAR,1996-12-31,4346518.38,1998-11-18,1984-11-29
127,2577,92952357000198,MBM C P ALEGRENSE DE VM S/A,MBM P ALEGRENSE,CANCELADA,32257061,RS,PORTO ALEGRE,"RUA DOS ANDRADAS, 772 /6 ANDAR",2005-12-31,1709363.82,2011-03-31,1969-03-03
128,540,16683062000185,MERCANTIL DO BRASIL CORRETORA S/A CTVM,MB CORRETORA,EM FUNCIONAMENTO NORMAL,30576731,MG,BELO HORIZONTE,"RUA RIO DE JANEIRO, 654",2022-12-31,21233103.93,1973-11-06,1973-11-06
129,2690,35602606000181,MIDAS CCTVM S/A,MIDAS,CANCELADA,34641163,RJ,RIO DE JANEIRO,"RUA 7 DE SETEMBRO, 54",2006-12-31,1197091.37,2007-01-03,1991-03-13
130,671,17830340000142,MILBANCO CCV SA,MILBANCO,CANCELADA,32712255,MG,BELO HORIZONTE,R RIO DE JANEIRO 600  14 ANDAR,1997-12-31,5147529.88,2000-10-13,1983-03-18
131,191,7147382000120,MILLENNIUM PARTICIPACOES SA,GAMEX MILLENNIUM CCVM S/A,CANCELADA,25097881,CE,FORTALEZA,R PROF JOSE A.DE CARVALHO 2432,2008-12-31,1245499.83,2009-09-04,1983-02-18
132,2097,62977723000100,MISASI ADMINISTRAÇÃO DE BENS E PARTICIPAÇÕES LTDA,MISASI,CANCELADA,31154111,SP,SAO PAULO,R LIBERO BADARO 377 / 22 ANDAR,1999-12-31,1002311.39,1997-02-05,1990-03-13
133,3468,4323351000194,MORGAN STANLEY CTVM S.A.,MORGAN STANLEY DEAN WITTER CTVM S.A.,EM FUNCIONAMENTO NORMAL,30486000,SP,SAO PAULO,AV BRIG. FARIA LIMA 3.600,2022-12-31,1590138863.54,2001-03-19,2001-03-19
134,2763,419291000157,MULTICRED - ADMINISTRADORA DE BENS LTDA,MULTICRED CORRETORA,CANCELADA,32253071,DF,BRASILIA,SCS - Q.05 - BL. C - S/LOJA 10,2011-12-31,2628213.35,2012-08-21,1992-03-18
135,124,5351887000186,"MÚLTIPLA CRÉDITO, FINANCIAMENTO E INVESTIMENTO LTDA.",MULTIPLA CCTVM LTDA,CANCELADA,32773397,CE,FORTALEZA,"RUA VISCONDE DE MAUA, 3066",2005-12-31,6037682.89,2006-10-25,1976-12-30
136,1066,33791781000139,MULTIPLIC CVM S/A,MULTIPLIC CVM S/A,CANCELADA,35346855,SP,SAO PAULO,AV PAULISTA 1842/ 11 ANDAR,1999-12-31,18186794.82,2000-12-18,1967-09-29
137,779,25674235000190,MUNDINVEST S/A CCVM,MUNDINVEST CORRETORA DE VALORES,EM FUNCIONAMENTO NORMAL,30716565,MG,BELO HORIZONTE,"RUA GONÇALVES DIAS, 2132",2022-12-31,23788041.1,1989-03-14,1989-03-14
138,1511,52904364000108,NECTON INVESTIMENTOS S.A. CORRETORA DE VALORES MOBILIÁRIOS E COMMODITIES,NECTON INVESTIMENTOS,CANCELADA,32921400,SP,SAO PAULO,"AV. BRIG. FARIA LIMA, 1.355",2021-12-31,36985851.26,2022-08-31,1983-08-25
139,1813,61723847000199,NEON CORRETORA DE TITULOS E VALORES MOBILIARIOS S.A.,MAGLIANO,EM FUNCIONAMENTO NORMAL,31230883,SP,SAO PAULO,AVENIDA FRANCISCO MATARAZZO 1350,2022-12-31,1935046.29,1967-06-23,1967-06-23
140,213,7365471000142,NORSUL CORRETORA DE CÂMBIO E VALORES MOBILIÁRIOS S.A. (ATUAL NORSUL PARTICIPAÇÕES S/A),NORSUL,CANCELADA,32926617,RJ,RIO DE JANEIRO,"R SETE DE SETEMBRO,71 - 10 AND",2000-12-31,3063257.61,2001-02-15,1983-12-27
141,3697,4257795000179,NOVA FUTURA CTVM LTDA,NOVA FUTURA INVESTIMENTOS,EM FUNCIONAMENTO NORMAL,32918000,SP,SAO PAULO,ALAMEDA SANTOS 960,2022-12-31,31027292.66,2014-10-31,2014-10-31
142,1376,43060029000171,NOVINVEST CORRETORA DE VALORES MOBILIÁRIOS LTDA.,NOVINVEST,EM FUNCIONAMENTO NORMAL,32922161,SP,SAO PAULO,RUA BOA VISTA,2022-12-31,2575303.63,1971-05-20,1971-05-20
143,1970,61802955000157,NOVO NORTE S/A CV,NOVO NORTE,CANCELADA,32321451,SP,SAO PAULO,"AV.PRES.J.KUBITSCHEK,1830-6AND",2004-12-31,376083.02,1995-02-17,1989-09-13
144,2143,62169875000179,NU INVEST CORRETORA DE VALORES S.A.,EASYNVEST,EM FUNCIONAMENTO NORMAL,30648969,SP,SAO PAULO,"RUA CAPOTE VALENTE, 39",2022-12-31,3097270420.78,1968-07-05,1968-07-05
145,2313,76633486000167,O. FRANCO PARTICIPAÇÕES IMOBILIÁRIAS LTDA.,OLIVEIRA FRANCO,CANCELADA,32337575,PR,CURITIBA,"AL.DR.CARLOS DE CARVALHO, 417",2019-12-31,1652174.89,2020-07-27,1968-05-13
146,3034,87530000119,ORBIVAL EMPREENDIMENTOS E PARTICIPAÇÕES LTDA.,ORBIVAL CCVM,CANCELADA,30850540,RS,PORTO ALEGRE,AV.BORGES DE MEDEIROS,2011-12-31,310905.53,2012-12-27,1994-05-18
147,3336,2999677000100,ORYX EMPREENDIMENTOS E PARTICIPAÇÕES LTDA.,ORYX - CORRETORA,CANCELADA,32197800,SP,SAO PAULO,R TENENTE NEGRÃO 140/ 11 ANDAR,2000-12-31,1187345.8,2001-10-22,1999-03-01
148,1430,48678247000198,PAVARINI CVM LTDA.,PAVARINI,CANCELADA,32321188,SP,SANTOS,"R.XV DE NOVEMBRO,111/113 SL.10",1996-12-31,265512.28,1997-06-05,1977-04-19
149,3107,806535000154,PLANNER CORRETORA DE VALORES S.A.,PLANNER CORRETORA DE VALORES S.A.,EM FUNCIONAMENTO NORMAL,21722600,SP,SAO PAULO,"AV. BRIG. FARIA LIMA, 3900",2022-12-31,18566448.35,1995-09-05,1995-09-05
150,760,24895815000144,PLUS CCTVM LTDA,PLUS,CANCELADA,32246344,MG,BELO HORIZONTE,"R RIO DE JANEIRO,927/807",1997-12-31,-382369.09,1998-02-25,1988-02-17
151,1520,52915386000165,POLINVEST EMPREENDIMENTOS PARTICIPAÇÕES E ASSESSORIA LTDA,POLINVEST,CANCELADA,31072175,SP,SAO PAULO,"RUA DO TESOURO, 23 / 3 ANDAR",2009-12-31,2298960.56,2010-05-27,1983-08-22
152,3689,40161713000151,POSITIVA CONSULT S.A.,POSITIVA,CANCELADA,37971000,RJ,RIO DE JANEIRO,PRAIA DE BOTAFOGO 440,2018-12-31,1388545.79,2019-06-21,2012-11-30
153,159,6917793000194,PREVIBANK S/A DTVM,PREVIBANK,CANCELADA,40118650,CE,FORTALEZA,"RUA DES.LEITE ALBUQUERQUE, 635",2006-12-31,1305711.13,2007-01-23,1975-07-18
154,1406,36092302000184,PRIME CCV EMPREENDIMENTOS E PARTICIPAÇÕES S.A.,PRIME SA CCV,CANCELADA,22219977,RJ,RIO DE JANEIRO,"AV NILO PECANHA,50",2013-12-31,10888159.8,2016-03-22,1990-03-13
155,2879,73169997000181,PRINCIPAL CVM LTDA.,PRINCIPAL,CANCELADA,32195921,SP,SANTOS,"RUA DO COMERCIO, 25/SALA E",1999-12-31,1991164.06,2000-12-21,1993-10-13
156,2810,72741531000146,PROSPECÇÃO PARTICIPAÇÕES LTDA,BONUS-BANVAL,CANCELADA,37079966,SP,SAO PAULO,"RUA DR. QUEIROZ GUIMARAES, 167",2007-12-31,574315.03,2008-10-08,1993-07-23
157,3409,68726611000155,QUANTIA DTVM LTDA,QUANTIA DTVM LTDA,CANCELADA,30710505,SP,SAO PAULO,"RUA PEDROSO ALVARENGA, 1254",2000-12-31,668898.14,2001-03-06,2000-07-07
158,19,1632132000107,RADIAL CORRETORA S/A CTVM,RADIAL,CANCELADA,32015244,MG,BELO HORIZONTE,"RUA GOITACAZES,43 - 14 AND",1995-12-31,1246779.35,1996-10-28,1969-09-05
159,2461,89960090000176,RB INVESTIMENTOS DISTRIBUIDORA DE TÍTULOS E VALORES MOBILIÁRIOS LTDA.,RB INVESTIMENTOS DISTRIBUIDORA DE TÍTULOS E VALORES MOBILIÁRIOS LTDA.,CANCELADA,31272700,SP,SAO PAULO,RUA DO ROCIO,2006-12-31,1743789.02,2007-09-26,1983-10-07
160,884,30032635000131,RIBA CONSULTORIA LTDA.,ARBI,CANCELADA,25291800,RJ,RIO DE JANEIRO,RUA DIAS FERREIRA 190,2009-12-31,8035152.63,2010-03-30,1978-06-07
161,3654,13434335000160,RICO CORRETORA DE TÍTULOS E VALORES MOBILIÁRIOS S.A.,RICO CORRETORA DE TÍTULOS E VALORES MOBILIÁRIOS S.A.,CANCELADA,30272337,SP,SAO PAULO,"AV. JUSCELINO KUBITSCHEK, 1400",2016-12-31,33991403.5,2018-10-04,2011-05-17
162,3549,42066258000130,RJI CORRETORA DE TÍTULOS E VALORES MOBILIÁRIOS LTDA,RJI INVESTIMENTOS,EM FUNCIONAMENTO NORMAL,35004500,RJ,RIO DE JANEIRO,"AVENIDA RIO BRANCO, 138",2022-12-31,5006309.75,2004-11-05,2004-11-05
163,1953,61787776000198,RSBF PARTICIPAÇÕES S.A.,CORRETORA SOUZA BARROS CT SA,CANCELADA,32926900,SP,SAO PAULO,R  LÍBERO BADARÓ,2013-12-31,35577848.46,2016-01-07,1967-07-25
164,663,17694787000131,RURAL CTVM S.A.,RURAL,CANCELADA,32395215,MG,BELO HORIZONTE,"R.RIO DE JANEIRO, 927",2006-12-31,5718442.78,2007-06-19,1974-07-09
165,1686,60783503000102,SAFRA CORRETORA DE VALORES E CÂMBIO LTDA.,SAFRA,EM FUNCIONAMENTO NORMAL,31758627,SP,SAO PAULO,"AV. PAULISTA, 2100",2022-12-31,220573912.25,1967-08-04,1967-08-04
166,1449,49474463000184,SANTANDER BRASIL S.A. CTVM,SANTANDER BRASIL-COR,CANCELADA,31749615,SP,SAO PAULO,"RUA HUNGRIA, 1400",2010-12-31,1000000.0,2011-12-09,1978-10-03
167,1945,61784732000104,SANTANDER NOROESTE S/A CCTVM,SANTANDER NOROESTE S/A CCTVM,CANCELADA,35386000,SP,SAO PAULO,RUA AMADOR BUENO 474,1999-12-31,22049638.52,2000-11-07,1967-08-11
168,1767,61510574000102,SANTANDER S.A. CORRETORA DE CÂMBIO E TÍTULOS,BANESPA S.A. CCT,CANCELADA,35533200,SP,SAO PAULO,AV PRES JUSCELINO KUBITSCKEK,2009-12-31,212937607.01,2011-12-09,1967-05-19
169,1333,42154583000155,SANTANDER S/A CCVM,SANTANDER S.A. CCVM,CANCELADA,35084053,RJ,RIO DE JANEIRO,"AV.RIO BRANCO,138 - 16 ANDAR",2001-12-31,27368614.34,2002-07-12,1972-03-07
170,1848,61733515000195,SANTANDER SECURITIES (BRASIL) CVM S.A.,ABN AMRO SECURITIES CORRETORA,CANCELADA,38276451,SP,SAO PAULO,"AV.PAULISTA,",2011-12-31,73704049.81,2012-03-29,1967-07-04
171,2003,61822052000138,SAO PAULO CORRETORA DE VALORES LTDA EM LIQUIDACAO,SAO PAULO,CANCELADA,30731565,SP,SAO PAULO,"RUA PEDROSO ALVARENGA, 990",2009-12-31,823444.41,2013-07-25,1967-05-22
172,3182,62332077000116,SB CCTVM LTDA.,SB,CANCELADA,36063658,SP,SAO PAULO,"R BOA VISTA, 208/ 9 AND - CJ.A",1996-12-31,8672089.95,1997-04-16,1996-11-20
173,3042,17352220000187,SENSO CORRETORA DE CÂMBIO E VALORES MOBILIÁRIOS S.A,SENSO CORRETORA DE CÂMBIO E VALORES MOBILIÁRIOS S.A,EM FUNCIONAMENTO NORMAL,25055000,RJ,RIO DE JANEIRO,AVENIDA ATAULFO DE PAIVA,2022-12-31,23212901.66,1990-11-27,1990-11-27
174,337,10974921000109,SEVAG - CV LTDA,SEVAG,CANCELADA,33413956,PE,RECIFE,"R SETUBAL,60",2002-12-31,198393.23,2003-02-26,1968-02-13
175,2836,68757681000170,SIMPAUL CORRETORA DE CÂMBIO E VALORES MOBILIÁRIOS S.A.,SIMPAUL CCVM,EM FUNCIONAMENTO NORMAL,33279888,RS,PORTO ALEGRE,AV CARLOS GOMES 300 7 ANDAR,2022-12-31,10351008.77,1992-12-29,1992-12-29
176,2178,62285390000140,SINGULARE CORRETORA DE TITULOS E VALORES MOBILIARIOS S.A.,SINGULARE,EM FUNCIONAMENTO NORMAL,28273500,SP,SAO PAULO,"AV. BRIGADEIRO FARIA LIMA,1355",2022-12-31,67303749.38,1989-09-20,1989-09-20
177,612,17315359000150,SITA SOCIEDADE CCVM S.A.,SITA,EM FUNCIONAMENTO NORMAL,33034887,MG,BELO HORIZONTE,"RUA RIO GRANDE DO NORTE, 988",2022-12-31,64756756.34,1967-09-08,1967-09-08
178,1490,50657675000186,SLW CVC LTDA,SLW,CANCELADA,30489900,SP,SAO PAULO,R DOUTOR RENATO PAES DE BARROS,2021-12-31,-1676188.85,2022-10-27,1978-08-07
179,1791,61668117000132,"SOCIETE GENERALE S.A. CORRETORA DE CAMBIO, TITULOS E VALORES MOBILIARIOS",SOCIETE GENERALE S.A. CCTVM,CANCELADA,32178000,SP,SAO PAULO,"AV. PAULISTA, 2300",2016-12-31,90681512.27,2017-12-22,1967-05-19
180,2186,62353172000104,SOL NASCENTE SA CCVM,SOL NASCENTE,CANCELADA,32327822,SP,SAO PAULO,R ROBERTO SIMONSEN 72/78,1995-12-31,4785501.25,1996-09-17,1968-08-26
181,2801,96477906000170,"SOLIDEZ - CORRETORA DE CÂMBIO, TÍTULOS E VALORES MOBILIÁRIOS LIMITADA",SOLIDEZ,EM FUNCIONAMENTO NORMAL,31152366,SP,SAO PAULO,"RUA XV DE NOVEMBRO, 184",2022-12-31,-72686130.61,1993-03-24,1993-03-24
182,1864,61739629000142,SPINELLI S/A CVMC,SPINELLI,CANCELADA,21420582,SP,SAO PAULO,"AV. BRIG. FARIA LIMA, 1355",2017-12-31,21142060.38,2018-12-18,1967-06-09
183,2917,355236000140,SPIRIT CV  LTDA,SPIRIT,CANCELADA,33525555,PR,CURITIBA,"AV. JOÃO GUALBERTO, 731",2005-12-31,1116428.16,2006-01-13,1994-12-05
184,396,11513306000168,STARINVEST S.A. PARTICIPAÇÕES,STARINVEST CORRETORA,CANCELADA,32241292,PE,RECIFE,R. SIQUEIRA CAMPOS 251/ CJ.201,2002-12-31,676197.26,2003-11-17,1979-07-27
185,1414,46778320000178,STATUS ADMINISTRAÇÃO E PARTICIPAÇÕES LTDA.,STATUS,CANCELADA,32195150,SP,SANTOS,"RUA FREI GASPAR, 52",2002-12-31,594532.0,2003-08-15,1975-07-18
186,2020,61841326000136,SUPLICY CCT LTDA,SUPLICY CCT LTDA,CANCELADA,32323181,SP,SAO PAULO,R LIBERO BADARO 377 3 AND,1996-12-31,12915735.61,1998-02-16,1967-08-18
187,256,8030140000114,SUPRA GESTÃO DE NEGÓCIOS LTDA,SUPRA CVM LTDA,CANCELADA,32576744,SP,SAO PAULO,"RUA DA CONSOLAÇÃO, 247",2002-12-31,2644136.85,2002-11-13,1971-12-09
188,1465,49951411000151,TAKEOVER CCVM LTDA,TAKEOVER CCVM,CANCELADA,32192188,SP,SANTOS,R XV DE NOVEMBRO 111/ SALA 07,1999-12-31,528411.1,2000-12-14,1978-10-10
189,1821,61729133000198,TALARICO ADMINISTRAÇÃO DE BENS PRÓPRIOS LTDA,TALARICO,CANCELADA,31456300,SP,SAO PAULO,"AV. PAULISTA, 1776",2013-12-31,22014303.25,2016-05-20,1967-06-09
190,1660,58506221000116,TENDÊNCIA ADMINISTRADORA DE BENS LTDA.,TENDENCIA,CANCELADA,38185000,SP,SAO PAULO,"AV.BRIGADEIRO FARIA LIMA, 2092",2016-12-31,3247904.89,2017-08-14,1987-12-29
191,434,73004715000196,THECA EMPREENDIMENTOS E PARTICIPAÇÕES LTDA,THECA,CANCELADA,25041100,SP,SAO PAULO,"AVENIDA NOVE DE JULHO, 4939",2010-12-31,23518602.38,2011-02-25,1995-01-30
192,3719,29162769000198,TORO CORRETORA DE TÍTULOS E VALORES MOBILIARIOS S/A,TORO CORRETORA DE T-TULOS E VALORES MOBILI-RIOS LTDA,EM FUNCIONAMENTO NORMAL,36658700,MG,BELO HORIZONTE,"RUA BERNARDO GUIMARÃES, Nº 166",2022-12-31,307415811.0,2018-01-12,2018-01-12
193,3450,57582264000118,TORRE CORRETORA DE CÂMBIO S/A,TORRE CCTVM S.A.,CANCELADA,32289338,SP,SAO PAULO,"RUA BANDEIRA PAULISTA, 600",2004-12-31,359560.13,2003-10-06,2001-01-31
194,868,29384013000193,TOTAL SA CCVM,TOTAL CCVM,CANCELADA,22240052,RJ,RIO DE JANEIRO,R OUVIDOR 121 - 4 AND,1995-12-31,586679.2,1996-04-30,1985-05-13
195,3433,74451022000104,TOV CCTVM LTDA,TOV CCTVM LTDA,CANCELADA,27872800,MG,POCOS DE CALDAS,"RUA PREFEITO CHAGAS,305",2013-12-31,43598292.36,2016-01-07,2001-01-04
196,795,27245141000120,TRIPLIK S/A CVC,TRIPLIK,CANCELADA,32118282,RJ,RIO DE JANEIRO,"R SAO BENTO, 8 - 13 ANDAR",1992-12-31,23624459264.61,1994-11-18,1975-06-24
197,1872,61747085000160,TULLETT PREBON BRASIL CORRETORA DE VALORES E CÂMBIO LTDA,CONVENCAO,EM FUNCIONAMENTO NORMAL,21114800,SP,SAO PAULO,RUA SÃO TOMÉ 86,2022-12-31,72245394.18,1967-08-09,1967-08-09
198,3328,2819125000173,"UBS BRASIL CORRETORA DE CAMBIO, TITULOS E VALORES MOBILIARIOS S.A.","UBS BRASIL CORRETORA DE CAMBIO, TITULOS E VALORES MOBILIARIOS S.A.",EM FUNCIONAMENTO NORMAL,20506500,SP,SAO PAULO,"AV. BRIGA. FARIA LIMA, 4.440",2022-12-31,532901580.05,1999-03-17,1999-03-17
199,1244,35754969000132,UBS CORRETORA DE CÂMBIO E VALORES MOBILIÁRIOS S.A.,UBS WARBURG CCVM S.A.,CANCELADA,25553000,RJ,RIO DE JANEIRO,PRAIA DE BOTAFOGO 228,2006-12-31,104300201.76,2007-10-29,1989-06-28
200,1210,33968066000129,UM INVESTIMENTOS SA CTVM,UM INVESTIMENTOS,CANCELADA,23232424,RJ,RIO DE JANEIRO,"PRAÇA XV DE NOVEMBRO, 20",2018-12-31,19293066.34,2019-09-20,1969-08-12
201,2453,89560460000188,UNIBANCO CORRETORA DE VALORES MOBILIÁRIOS E CÂMBIO S/A,INVESTSHOP CVMC S.A.,CANCELADA,50193201,SP,SAO PAULO,"AV EUSEBIO MATOSO, 891",2011-12-31,25205414.72,2012-10-01,1978-11-07
202,1023,33764366000196,UNIBANCO CVM S/A,UNIBANCO,CANCELADA,30974577,SP,SAO PAULO,"RUA DA QUITANDA, 157",2004-12-31,86025120.28,2005-12-22,1967-09-29
203,175,6971154000107,UNICA CCV LTDA,UNICA,CANCELADA,32558071,CE,FORTALEZA,"AV.HERACLITO GRAÇA, 1245",2005-12-31,2173033.25,2006-10-02,1975-11-12
204,825,28156214000170,UNILETRA CCTVM S.A.,UNILETRA,CANCELADA,40090454,ES,VITORIA,AV NOSSA SENHORA DA PENHA,2019-12-31,-4062427.72,2020-02-13,1968-09-02
205,3140,62065578000183,VALOR CORRETORA DE CÂMBIO TÍTULOS E VALORES MOBILIÁRIOS LTDA. EM LIQUIDAÇÃO EXTRAJUDICIAL,VALOR CCTVM LTDA.,CANCELADA,38298487,SP,SAO PAULO,R.JOAQUIM FLORIANO 831/ 1 AND.,1996-12-31,443670.54,2003-01-22,1995-10-26
206,1694,60866951000170,"VAZ GUIMARAES, BRAGA S/A CCT",VAZ GUIMARAES,CANCELADA,36048191,SP,SAO PAULO,R BOA VISTA 63/ 7 ANDAR,1995-12-31,4844658.43,1996-10-14,1968-01-19
207,1120,36149557000136,VEGAMIX PRESTADORA DE SERVIÇOS S.A. - EM LIQUIDAÇÃO ORDINÁRIA,VEGA SA CCVM,CANCELADA,32312055,RJ,RIO DE JANEIRO,RUA RODRIGO SILVA 26/12 ANDAR,1996-12-31,2663205.65,2014-08-27,1990-03-08
208,1180,36159085000100,VETOR EMPREENDIMENTOS E PARTICIPAÇÕES S.A,VETOR - CORRETORA,CANCELADA,32975115,RJ,RIO DE JANEIRO,R DO MERCADO 11 - 7 E 8 AND,1996-12-31,16848484.25,1998-07-22,1990-03-01
209,3166,1170892000131,VOTORANTIM CTVM LTDA,VOTORANTIM,CANCELADA,51711894,SP,SAO PAULO,"AV DAS NAÇÕES UNIDAS, 14.171",2017-12-31,266791832.77,2018-08-27,1996-03-15
210,1902,61769790000169,WALPIRES S/A CCTVM,WALPIRES S/A CCTVM,CANCELADA,28087065,SP,SAO PAULO,AVENIDA BRIGADEIRO FARIA LIMA,2017-12-31,7464373.9,2019-09-24,1967-09-20
211,2534,92875780000131,WARREN CORRETORA DE VALORES MOBILIÁRIOS E CÂMBIO LTDA.,WARREN CORRETORA,EM FUNCIONAMENTO NORMAL,32372273,RS,PORTO ALEGRE,"AVENIDA OSVALDO ARANHA, 720",2022-12-31,23398120.52,1967-12-06,1967-12-06
212,2658,24543688000114,WARREN CORRETORA DE VALORES MOBILIÁRIOS E CÂMBIO LTDA.,PERFIL,CANCELADA,32249022,PE,RECIFE,"AV.17 DE AGOSTO,2579",1996-12-31,608260.02,1997-02-21,1989-11-14
213,3247,2332886000104,XP INVESTIMENTOS CCTVM S.A.,XP INVESTIMENTOS,EM FUNCIONAMENTO NORMAL,30272237,RJ,RIO DE JANEIRO,AVENIDA ATAULFO DE PAIVA 153,2022-12-31,8288904369.58,1998-02-10,1997-12-05
