,cnpj,type,nome_social,nome_comercial,status,email,telefone,cep,pais,uf,municipio,bairro,complemento,logradouro,data_patrimonio_liquido,valor_patrimonio_liquido,codigo_cvm,data_inicio_situacao,data_registro
0,76621457000185,CORRETORAS,4UM DTVM S.A.,4UM INVESTIMENTOS,CANCELADA,controle@4um.com.br,33519966,80420210,BRASIL,PR,CURITIBA,CENTRO,4º ANDAR,R. VISCONDE DO RIO BRANCO 1488,2005-12-31,4228660.18,2275,2006-10-05,1968-01-15
1,33817677000176,CORRETORAS,ABC BRASIL DISTRIBUIDORA DE TÍTULOS E VALORES MOBILIÁRIOS S.A.,ABC BRASIL CORRETORA,CANCELADA,regina.tkatch@abcbrasil.com.br,31702172,1453000,,SP,SÃO PAULO,ITAIM BIBI,2º ANDAR,"AV. CIDADE JARDIM, 803",2002-12-31,0.00,3514,2002-10-14,2002-10-14
2,10664027000132,CORRETORAS,ABERTURA CCVM LTDA,ABERTURA CCVM LTDA,CANCELADA,,,50010240,BRASIL,PE,RECIFE,,,R DO IMP.D.PEDRO II 239/CJ.102,1989-12-31,5995252.29,329,1990-06-12,1986-07-08
3,44527444000155,CORRETORAS,ABN AMRO CORRETORA DE T-TULOS E VALORES MOBILI-RIOS LTDA.,,EM FUNCIONAMENTO NORMAL,canal.comunicacao@br.abnamro.com,30737417,4551010,,SP,SÃO PAULO,VILA OLIMPIA,"11¦ ANDAR, CJ. 111","RUA FIDÛNCIO RAMOS, N¦ 302, TORRE B",2022-12-31,3729687.41,3794,2022-06-20,2022-06-20
4,33819590000138,CORRETORAS,AÇÃO S.A. CORRETORA DE VALORES E CÂMBIO,ACAO SA CVC,CANCELADA,,5095755,20040040,BRASIL,RJ,RIO DE JANEIRO,CENTRO,,"PRAÇA OLAVO BILAC, 28/ SL. 608",2000-12-31,291862.38,1112,2001-04-11,1968-04-19
5,92856905000186,CORRETORAS,ACTION CCVM S.A.,ACTION CORRETORA,CANCELADA,rcardoso@advancedcorretora.com.br,2287977,1422001,BRASIL,SP,SÃO PAULO,JARDIM PAULISTA,,AL FRANCA 1050/ 6 AND/CJ 63-64,2004-12-31,666907.71,2500,2000-02-23,1967-05-22
6,24159923000159,CORRETORAS,ACTION S.A. EMPREENDIMENTOS E PARTICIPAÇÕES,ACTION DISTRIBUIDORA,CANCELADA,paulo.kneip@rendimento.com.br,31788923,1451000,BRASIL,SP,SÃO PAULO,JARDIM PAULISTANO,2092 7º AND SL 71,AV.BRIG. FARIA LIMA,1999-12-31,629349.55,736,1993-06-23,1988-10-06
7,43050917000103,CORRETORAS,"ACTIVTRADES CORRETORA DE CÂMBIO, TÍTULOS E VALORES MOBILIÁRIOS LTDA",,EM FUNCIONAMENTO NORMAL,rramos@activtrades.com,30542864,88020302,,SC,FLORIANÓPOLIS,CENTRO,ESTAÇÃO CIDADE MIL,"AV. MAURO RAMOS, 1512, ÁTICO 01 E 02",2022-12-31,8518211.92,3786,2021-12-10,2021-12-10
8,09259391000138,CORRETORAS,ADEMAR WANDERLEY - CCVM LTDA,ADEMAR WANDERLE,CANCELADA,,,58030000,BRASIL,PB,JOÃO PESSOA,,,AV EPITACIO PESSOA 1019,1992-12-31,0.00,280,1993-12-21,1985-03-21
9,35937283000187,CORRETORAS,ADOLPHO OLIVEIRA & ASSOCIADOS CORRETORA DE VALORES E CAMBIO S/A,ADOLPHO OLIVEIRA & ASSOCIADOS CVC S/A,CANCELADA,,2923922,20010120,BRASIL,RJ,RIO DE JANEIRO,CENTRO,,"RUA DO MERCADO, 33 - PARTE",1995-12-31,0.00,1325,1997-03-18,1989-11-29
10,00271457000130,CORRETORAS,AGENDA ESTUDOS E PROJETOS ECONÔMICOS LTDA.,AGENDA ESTUDOS E PROJETOS ECONÔMICOS LTDA.,CANCELADA,fundos@agendaccvm.com.br,30778110,22640100,BRASIL,RJ,RIO DE JANEIRO,BARRA DA TIJUCA,SALA 208/ BLOCO 22,"AV. DAS AMÉRICAS, 500",2002-12-31,0.00,3000,2002-10-01,1994-10-19
11,26027326000104,CORRETORAS,"AGM S.A. CORRETORA DE CÂMBIO, TÍTULOS E VALORES MOBILIÁRIOS",AGM,CANCELADA,,1006,30130140,BRASIL,MG,BELO HORIZONTE,,,"R. PARAIBA,321",1995-12-31,1871180.52,787,1997-05-30,1989-09-25
12,74014747000135,CORRETORAS,AGORA CTVM S.A.,AGORA-SENIOR CTVM S.A .,EM FUNCIONAMENTO NORMAL,ipc.supervisao.corretoras@bradesco.com.br,21786198,1310917,,SP,SÃO PAULO,BELA VISTA,3° ANDAR,"AVENIDA PAULISTA ,1450",2022-12-31,449810368.63,2895,1993-12-22,1993-12-22
13,00397331000107,CORRETORAS,AGROBANCO CORRETORA DE VALS MOBS E CAMBIO S/A-,AGROBANCO,CANCELADA,,22217,74000000,BRASIL,GO,GOIÂNIA,,,"R 05, 1016 - SETOR OESTE",1995-12-31,0.00,2941,2012-11-22,1990-03-01
14,49945272000153,CORRETORAS,AGUIAR CCVM LTDA,,CANCELADA,,2224500,11010110,BRASIL,SP,SANTOS,,,"RUA VASCONCELOS TAVARES, 10",1997-12-31,271051.95,1457,1995-12-12,1978-04-25
15,05452073000138,CORRETORAS,ALBATROSS CCV S.A.,ALBATROSS CCV S.A.,CANCELADA,albatross@albastrossccv.com.br,32930334,1311200,BRASIL,SP,SÃO PAULO,BELA VISTA,1º ANDAR,"AV PAULISTA, 1439",2018-12-31,7434620.07,140,2019-10-23,1975-07-18
16,62178421000164,CORRETORAS,ALFA CORRETORA DE CAMBIO E VALORES MOBILIARIOS S.A,ALFA CORRETORA DE CAMBIO E VALORES MOBILIARIOS S.A,EM FUNCIONAMENTO NORMAL,jelanir@bancoalfa.com.br,31755050,1418000,,SP,SÃO PAULO,CERQUEIRA CESAR,6º ANDAR,"ALAMEDA SANTOS, 466",2022-12-31,312849190.14,2160,1968-07-15,1968-07-15
17,03882245000188,CORRETORAS,"ALPES CORRETORA DE CÂMBIO, TÍTULOS E VALORES MOBILIÁRIOS LTDA",ALPES CCTVM LTDA,CANCELADA,alpes@alpes.com.br,31928910,1310200,BRASIL,SP,SÃO PAULO,BELA VISTA,8 ANDAR,"AV PAULISTA, 1754",2015-12-31,65270.28,3484,2017-07-05,2001-09-27
18,99988065000154,CORRETORAS,ALVES FERREIRA CV LTDA,,CANCELADA,,,80020,BRASIL,PR,CURITIBA,,,"RUA MAL.DEODORO, 235 - 2 ANDAR",,,2747,1993-04-29,1991-12-27
19,85010361000171,CORRETORAS,ALVES FERREIRA CV LTDA,ALVES FERREIRA,CANCELADA,alvesf@bvpr.com.br e alves.ferreira@terra.com.br,3231122,80420900,BRASIL,PR,CURITIBA,CENTRO,"7ºANDAR, CJ 72","RUA COMENDADOR ARAUJO, 143",2005-12-31,959316.61,2771,2006-02-15,1992-05-04
20,75724195000111,CORRETORAS,ALVES MEYER CT LTDA,ALVES MEYER,CANCELADA,,5640,80420000,BRASIL,PR,CURITIBA,CENTRO,,"R.COMENDADOR ARAUJO,143/16 AND",1995-12-31,0.00,3115,1988-12-15,1988-10-06
21,17312661000155,CORRETORAS,AMARIL FRANKLIN CTV LTDA,AMARIL CTV,EM FUNCIONAMENTO NORMAL,investimentos@amarilfranklin.com.br,32358128,30180100,,MG,BELO HORIZONTE,CENTRO,3º E 5º ANDARES,"RUA GUAJAJARAS, 581",2022-12-31,11260352.45,590,1967-08-25,1967-08-25
22,92666494000166,CORRETORAS,ANTONIO DELAPIEVE SA CCVM,ANTONIO DELAPIEVE,CANCELADA,,1375,90010170,BRASIL,RS,PORTO ALEGRE,,,PCA MONTEVIDEO 79,1992-12-31,47948383677.04,2496,1994-10-19,1967-11-29
23,36210052000130,CORRETORAS,APLICAP S/A CVM,APLICAP,LIQUIDAÇÃO EXTRAJUDICIAL,,22201,20050003,BRASIL,RJ,RIO DE JANEIRO,CENTRO,,"R SETE DE SETEMBRO,43-10 ANDAR",1997-12-31,7067952.86,1155,1998-02-16,1990-03-13
24,81742017000116,CORRETORAS,"ARAUCÁRIA CORRETORA DE CÂMBIO, TÍTULOS E VALORES MOBILIÁRIOS S.A.",ARAUCARIA,CANCELADA,,2324080,80430180,BRASIL,PR,CURITIBA,CENTRO,,"AL DR CARLOS DE CARVALHO, 795",2001-12-31,0.00,2623,2004-05-21,1989-12-13
25,33829086000119,CORRETORAS,ARGOS CCVM S/A,ARGOS,LIQUIDAÇÃO EXTRAJUDICIAL,,22571,20071000,BRASIL,RJ,RIO DE JANEIRO,,,"AV PRES VARGAS 446, 4 AND",1995-12-31,0.00,1139,1990-09-14,1968-01-08
26,33756370000102,CORRETORAS,ARIJU S/A CCTVM,ARIJU,CANCELADA,,33148,20040030,BRASIL,RJ,RIO DE JANEIRO,,,R OUVIDOR 121/ 14 ANDAR,1995-12-31,-36966.43,1015,1997-01-24,1967-09-29
27,03816975000180,CORRETORAS,ARKHE DTVM S/A,ARKHE CTVM LTDA,CANCELADA,arkhe@arkhe.com.br,25177700,20050005,BRASIL,RJ,RIO DE JANEIRO,CENTRO,71 - 22 ANDAR,RUA SETE DE SETEMBRO,2002-12-31,0.00,3395,2002-07-15,2000-06-13
28,03449895000134,CORRETORAS,ARROW DTVM S/A,ARROW DTVM S/A,CANCELADA,,2428082,66055000,BRASIL,PA,BELÉM,UMARIZAL,,"AV.SENADOR LEMOS,247/CONJ.102",1999-12-31,1167368.83,3379,2000-11-24,1999-11-03
29,33775974000104,CORRETORAS,ATIVA INVESTIMENTOS S.A. C.T.C.V.,ATIVA S/A CTCV,EM FUNCIONAMENTO NORMAL,contabilidade@ativactv.com.br,39578326,22640102,EGITO,RJ,RIO DE JANEIRO,BARRA DA TIJUCA,BL 1 / SL 314-318,"AV DAS AMERICAS, 3.500",2022-12-31,66197970.53,1040,1967-11-10,1967-11-10
30,40425498000159,CORRETORAS,ATLANTICA COR TIT VAL MOB LTDA,ATLANTICA CTVM LTDA,CANCELADA,,5323677,20040030,BRASIL,RJ,RIO DE JANEIRO,CENTRO,,"RUA DA ASSEMBLEIA, 77/ 18 AND.",1998-12-31,3383541.03,2780,1999-12-09,1992-03-23
31,62122718000108,CORRETORAS,ATRIUM S.A. DTVM,ATRIUM S.A. CVM,CANCELADA,castrojose@uol.com.br,30455266,4548005,BRASIL,SP,SÃO PAULO,VILA OLIMPIA,1º ANDAR CONJ. 11,"AV. DR. CARDOSO DE MELO, 1955",2002-12-31,3803018.24,3158,2003-10-23,1995-12-13
32,04967022000186,CORRETORAS,ATTUAL PARTICIPAÇÕES LTDA,ATTUAL,CANCELADA,leize@finambras.com.br,2342250,69007000,BRASIL,AM,MANAUS,CENTRO,2ºANDAR - SL 253,"RUA BARROSO,162",2002-12-31,1161413.78,116,2003-12-29,1983-08-22
33,76645704000183,CORRETORAS,AUREUM CONSULTORIA LTDA,AUREUM,CANCELADA,aureum@aureum.com.br,2225006,80010010,BRASIL,PR,CURITIBA,CENTRO,CONJ. 101 E 102,"R MARECHAL DEODORO, 252/ 1 AND",2009-12-31,195259.36,2330,2010-06-18,1968-08-19
34,60991023000137,CORRETORAS,AVAL SA CCVM,AVAL,CANCELADA,,2834188,50010240,BRASIL,PE,RECIFE,SANTO ANTONIO,,"R.IMP.D.PEDRO II,239/1 AND/102",1993-12-31,17554800.14,1716,1994-06-13,1967-06-09
35,61384004000105,CORRETORAS,AVENUE SECURITIES DTVM LTDA.,AVENUE SECURITIES DTVM,CANCELADA,hsu.chun@avenue.us,23855535,4545042,,SP,SÃO PAULO,VILA OLIMPIA,CONJ 91 E 94,"RUA SANTA JUSTINA, 660",2005-12-31,13620776.89,1759,2006-04-07,1989-08-18
36,15232648000160,CORRETORAS,BAHIA LUCRO CCTM LTDA,BAHIA LUCRO,CANCELADA,,1390,40010000,BRASIL,BA,SALVADOR,COMÉRCIO,,"AV ESTADOS UNIDOS, 27 TERREO",2000-12-31,257032.92,523,2001-01-17,1968-09-03
37,61688131000106,CORRETORAS,BALUARTE S/A CORRETORA DE CÂMBIO,BALUARTE,CANCELADA,r.morishita@baluartecambio.com.br,21787,1014000,BRASIL,SP,SÃO PAULO,,,R BOA VISTA 356 15ANDAR,2004-12-31,7754116.06,1805,1996-09-30,1967-05-22
38,78336633000162,CORRETORAS,BANCO ARAUCÁRIA S.A.,ARAUCARIA,CANCELADA,,3106566,80020,BRASIL,PR,CURITIBA,,,"PCA.OZORIO 400, CONJ. 1601",1990-12-31,356788453.43,2356,1995-06-20,1990-01-01
39,40192734000134,CORRETORAS,BANCO ATLANTIS S/A,ATLANTIS CCTVM,CANCELADA,,34413,20031000,BRASIL,RJ,RIO DE JANEIRO,CENTRO,,AV ALM BARROSO 52/ 26 AND.,1995-12-31,0.00,1350,1997-09-22,1991-01-24
40,28157204000150,CORRETORAS,BANCO SANTOS NEVES S.A.,SANTOS NEVES,CANCELADA,,3343700,29010250,BRASIL,ES,VITÓRIA,,,R.ALBERTO DE O.SANTOS 40 LJ.6,1990-12-31,241304904.05,833,1991-06-05,1968-10-31
41,10995587000170,CORRETORAS,BANCO SIMPLES S.A.,BR MERCANTIL,CANCELADA,faleconosco@rural.com.br,32395150,50010140,BRASIL,PE,RECIFE,BOA VIAGEM,,"AV CONSELHEIRO AGUIAR, 2646",1999-12-31,40742797.02,361,1996-05-31,1968-06-11
42,61819652000147,CORRETORAS,BANCOCIDADE - CORRETORA DE VALORES MOBILIÁRIOS E DE CÂMBIO LTDA,BANCOCIDADE,CANCELADA,gerproc.cicor@bancocidade.com.br,31505477,1047912,BRASIL,SP,SÃO PAULO,REPÚBLICA,6 / 9 ANDARES,PRAÇA DOM JOSE GASPAR 134,2003-12-31,0.00,1996,2004-02-09,1967-07-05
43,61754644000160,CORRETORAS,BANDEIRANTES CCVM S/A,BANDEIRANTES,CANCELADA,bandccvm@bandeirantesccvm.com.br,2337099,1014902,BRASIL,SP,SÃO PAULO,CENTRO,,RUA BOA VISTA 162/  2 ANDAR,2001-12-31,0.00,1880,2002-02-15,1967-07-12
44,15221633000105,CORRETORAS,BANEB CCVM S/A,BANEB,CANCELADA,,3195,40015010,BRASIL,BA,SALVADOR,,,"R MIGUEL CALMON, 555 - 10 AND",1991-12-31,20574702701.53,493,1994-01-05,1968-05-20
45,76550714000135,CORRETORAS,BANESTADO CVM S/A,BANESTADO CVM S/A,CANCELADA,drinvest@itau.com.br,50198101,4344902,BRASIL,SP,SÃO PAULO,PQ. JABAQUARA,T.CONC.7ºANDAR,"PÇA ALFREDO E.S.ARANHA,100",2005-12-31,135902038.66,2224,2006-06-21,1968-06-11
46,33753740000158,CORRETORAS,BANIF BANCO DE INVESTIMENTO (BRASIL) S/A,BANIF BANCO DE INVESTIMENTO (BRASIL) S/A,CANCELADA,geraldo.castilho@banif.com.br,31652000,4552080,BRASIL,SP,SÃO PAULO,VILA OLIMPIA,15 ANDAR,"RUA MINAS DE PRATA, 30",2005-12-31,0.00,1007,2005-06-29,1967-10-06
47,35780063000192,CORRETORAS,BANK OF AMERICA S/A CCVM,BANK OF AMERICA S.A. CCVM,CANCELADA,antonio.pianucci@bankofamerica.com,30384800,4583110,BRASIL,SP,SÃO PAULO,VILA CORDEIRO,19°  ANDAR,"RUA DR CHUCRI ZAIDAN, 246",2003-12-31,0.00,1287,2005-03-07,1989-08-02
48,09793746000174,CORRETORAS,BANORTE CVM SA,BANORTE CVM SA,CANCELADA,,4127649,50010360,BRASIL,PE,RECIFE,SANTO ANTONIO,,AV DANTAS BARRETO 507/ 1 ANDAR,1997-12-31,5589829.02,310,1999-11-04,1971-11-10
49,93026847000126,CORRETORAS,BANRISUL S.A. CORRETORA DE VALORES MOBILIÁRIOS E CÂMBIO,BANRISUL S.A. CVMC,EM FUNCIONAMENTO NORMAL,banrisul_corretora@banrisul.com.br,32152877,90010260,,RS,PORTO ALEGRE,CENTRO,4º ANDAR,"RUA CALDAS JR., 108",2022-12-31,105373833.30,2593,1971-07-08,1971-07-08
50,11031473000172,CORRETORAS,BANTRIAL - CTVM LTDA,BANTRIAL,CANCELADA,bantrial@elogica.com.br,34242202,50030000,BRASIL,PE,RECIFE,RECIFE ANTIGO,,"AV MARQUES DE OLINDA,296-2 AND",2005-12-31,639448.34,388,2006-09-04,1970-10-07
51,11634773000146,CORRETORAS,BARCLAYS CORRETORA DE TÍTULOS E VALORES MOBILIÁRIOS S.A.,BARCLAYS CORRETORA DE TÍTULOS E VALORES MOBILIÁRIOS S.A.,CANCELADA,compliancespo@barclays.com,37577707,4538132,BRASIL,SP,SÃO PAULO,ITAIM BIBI,12º ANDAR,"AV. BRIG. FARIA LIMA, N 4440,",2013-12-31,142472413.08,3638,2016-05-31,2010-04-19
52,83044057000110,CORRETORAS,BATTISTELLA SOC CVMC LTDA,,CANCELADA,,,92010300,BRASIL,RS,CANOAS,,,"R. QUINZE DE JANEIRO, 184",1991-12-31,527609044.28,2402,1992-02-29,1975-07-17
53,61923504000178,CORRETORAS,BBV CCVM LTDA,BBV CCVM LTDA,CANCELADA,bbv-corretora@bbvbrasil.com.br,2451546,1333010,BRASIL,SP,SÃO PAULO,BELA VISTA,"340, 16º ANDAR",R. CINCINATO BRAGA,2003-12-31,0.00,2070,2004-02-09,1967-08-04
54,61859724000180,CORRETORAS,BCN CORRETORA DE TÍTULOS E VALORES MOBILIÁRIOS S.A.,CLSA - BCN CTVM S.A.,CANCELADA,4223.jorgeluiz@bradesco.com.br,36849836,4578000,BRASIL,SP,SÃO PAULO,BROOKLIN,15.O ANDAR (PARTE),"AV DAS NAÇÕES UNIDAS, 12.901",2004-12-31,0.00,2046,2005-03-11,1967-09-29
55,61732954000183,CORRETORAS,BCV - CORRETORA DE CÂMBIO E VALORES MOBILIÁRIOS S.A. - EM LIQUIDAÇÃO,SCHAHIN CCVM S/A,CANCELADA,suporte@schahinccvm.com.br,21262229,1419002,BRASIL,SP,SÃO PAULO,CERQUEIRA CESAR,,"ALAMEDA SANTOS, 2335",2011-12-31,20356480.90,1830,2014-03-12,1989-08-09
56,15210834000107,CORRETORAS,BEHRMANN CCVM LTDA,BEHRMANN,CANCELADA,,2767,40015000,BRASIL,BA,SALVADOR,COMERCIO,,"R MIGUEL CALMON,37-SALA 809",1995-12-31,0.00,2950,2001-11-05,1989-12-21
57,04798823000165,CORRETORAS,BELAUTO CCTVM LTDA,BELAUTO,CANCELADA,,,66019020,BRASIL,PA,BELÉM,,,R 13 DE MAIO 469/ S/ 202 E 203,1991-12-31,0.00,78,1991-02-28,1971-12-20
58,83043372000122,CORRETORAS,BESC SA CTVC - BESCAM,BESC - CORRETORA,CANCELADA,,2166300,88010020,BRASIL,SC,FLORIANÓPOLIS,,,"R DEODORO 209 1,2 E 4 ANDARES",1997-12-31,2911038.31,2399,1999-06-25,1975-07-11
59,33837568000110,CORRETORAS,BETA CCVM S/A,BETA,CANCELADA,,,20040000,BRASIL,RJ,RIO DE JANEIRO,CENTRO,,AV RIO BRANCO 143/ 12 E 13 AND,1995-12-31,0.00,2968,2012-05-09,1989-06-22
60,33868878000100,CORRETORAS,BITTENCOURT S/A EMPREENDIMENTOS E PARTICIPAÇÕES,BITTENCOURT,CANCELADA,joubert@bitt.com.br,22521882,20040030,BRASIL,RJ,RIO DE JANEIRO,CENTRO,SALA 803,"RUA DO OUVIDOR, 130",2004-12-31,4809916.34,1163,2005-06-13,1967-11-01
61,07700131000120,CORRETORAS,BM BEZERRA DE MENEZES PARTICIPAÇÕES S.A.,BIC,CANCELADA,rafael@gbm.com.br,35231522,60025060,BRASIL,CE,FORTALEZA,ALDEOTA,SALA C,"RUA CANUTO DE AGUIAR, 1220",2013-12-31,232904421.88,230,2016-09-02,1985-07-09
62,61829644000181,CORRETORAS,BMD S.A. CORRETORA DE CÂMBIO E VALORES MOBILIÁRIOS EM LIQUIDAÇÃO EXTRAJUDICIAL,BMD,CANCELADA,,366948,1013000,BRASIL,SP,SÃO PAULO,CENTRO,,R XV DE NOVEMBRO 251/ 5 ANDAR,1997-12-31,32208576.32,2011,1998-05-15,1967-10-06
63,17304692000164,CORRETORAS,BMG CORRETORA SA,BMG CORRETORA,CANCELADA,,3392000,1419002,BRASIL,MG,BELO HORIZONTE,CENTRO,,AV ALVARES CABRAL 1707/ 12 AND,1999-12-31,28288860.94,558,2000-01-10,1967-08-18
64,08030215000167,CORRETORAS,BMG S/A DISTRIBUIDORA DE TÍTULOS E VALORES MOBILIÁRIOS,OAK,CANCELADA,celso.gamboa@bancobmg.com.br,30672210,1425000,,SP,SÃO PAULO,VILA NOVA CONCEIÇÃO,10 ANDAR,"AV.PRES.JUSCELINO KUBITSCHEK, 1830",1996-12-31,5742058.80,264,1995-12-07,1971-12-09
65,15213150000150,CORRETORAS,BOCOM BBM CCVM S.A.,BOCOM BBM CORRETORA,EM FUNCIONAMENTO NORMAL,compliancecorporativo@bocombbm.com.br,25148448,20220460,BRASIL,RJ,RIO DE JANEIRO,SAÚDE,,"AV BARÃO DE TEFÉ, 34/SL 1801 E 1802",2022-12-31,18187304.77,469,1967-09-29,1967-09-29
66,35929132000187,CORRETORAS,BOREAL SA CORRETORA VALORES CAMBIO,BOREAL SA CORRETORA VALORES CAMBIO,CANCELADA,,38853,20030021,BRASIL,RJ,RIO DE JANEIRO,CENTRO,,AV PRES WILSON 231/29 ANDAR,1996-12-31,2709171.39,2631,1998-03-30,1989-10-18
67,61855045000132,CORRETORAS,BRADESCO S/A CTVM,BRADESCO S/A CTVM,EM FUNCIONAMENTO NORMAL,ipc.supervisao.corretoras@bradesco.com.br,38479888,4543011,,SP,SÃO PAULO,VILA NOVA CONCEIÇÃO,11 ANDAR,AVENIDA PRESIDENTE JUSCELINO KUBITSCHEK,2022-12-31,2413676469.76,2038,1967-08-04,1967-08-04
68,58229246000110,CORRETORAS,BRADESCO-KIRTON CORRETORA DE CÂMBIO S.A.,CCF BRASIL,CANCELADA,ricardo.lanfranchi@bradescobbi.com.br,21786094,1310917,BRASIL,SP,SÃO PAULO,CERQUEIRA CESAR,7°ANDAR,"AVENIDA PAULISTA, 1450",2017-12-31,423281516.45,3123,2018-10-22,1995-09-04
69,53362554000103,CORRETORAS,BRASVAL CV LTDA,BRASVAL,CANCELADA,,326131,1011000,BRASIL,SP,SÃO PAULO,,,"R SAO BENTO, 365 16 ANDAR",1992-12-31,17848255621.14,1554,1993-06-01,1984-02-27
70,12865507000197,CORRETORAS,"BRICKELL S.A. CRÉDITO, FINANCIAMENTO E INVESTIMENTO",--,CANCELADA,brickellcfi@brickellcfi.com.br,21989735,4534002,BRASIL,SP,SÃO PAULO,ITAIM BIBI,SALA 1302 E1303,"R JOAQUIM FLORIANO, 466",,,3492,1995-01-23,1988-03-28
71,69018810000171,CORRETORAS,BRISA AGROPECUÁRIA LTDA,SENIOR ASSESSORIA E CONSULTORIA S.A.,CANCELADA,senior@seniorcorretora.com.br,2193372,22431050,BRASIL,RJ,RIO DE JANEIRO,LEBLON,,RUA DIAS FERREIRA 190/ 6 ANDAR,2001-12-31,2650481.27,2798,2002-02-19,1992-08-12
72,76522994000178,CORRETORAS,BRITANIA S/A CTV,,CANCELADA,,,80020290,BRASIL,PR,CURITIBA,,,"RUA PRESIDENTE FARIA, 27",1990-12-31,57153947.25,2208,1991-08-06,1968-05-24
73,60889144000172,CORRETORAS,BRKB SERVIÇOS DE CONSULTORIA ECONÔMICA S.A.,BRASCAN S.A. CORRETORA,CANCELADA,cadastro-brascan@bancobrascan.com.br,32313107,22290160,BRASIL,RJ,RIO DE JANEIRO,BOTAFOGO,SALA 606,"R LAURO MULLER, 116",2012-12-31,19236836.43,1708,2013-04-17,1967-08-21
74,43815158000122,CORRETORAS,BTG PACTUAL CTVM S/A,SISTEMA,EM FUNCIONAMENTO NORMAL,ol-compliance-regulatorio@btgpactual.com,33832000,4538133,,SP,SÃO PAULO,ITAIM BIBI,14º ANDAR/PARTE,AV. BRIGADEIRO FARIA LIMA 3477,2022-12-31,1416566922.65,3522,2002-10-01,2002-10-01
75,63566715000126,CORRETORAS,BUSINESS CCTVM LTDA,BUSINESS,CANCELADA,,341895,1014030,BRASIL,SP,SÃO PAULO,,,R BOA VISTA 254 CJ 1209/17,1996-12-31,507137.60,2712,1997-01-23,1991-08-07
76,86726452000170,CORRETORAS,BVA CCVM S/A,BVA,CANCELADA,,22528100,20040004,BRASIL,RJ,RIO DE JANEIRO,,,"AV.RIO BRANCO, 109 - 13 ANDAR",1997-12-31,1710222.77,906,1998-08-13,1994-01-12
77,17311705000122,CORRETORAS,BVL PARTICIPAÇÕES LTDA,BVL,CANCELADA,bvlcvsa@hotmail.com,32877000,30130007,BRASIL,MG,BELO HORIZONTE,FUNCIONÁRIOS,,"AV. AFONSO PENA, 2770/ 11º AND",2011-12-31,915070.47,574,2012-02-01,1967-09-29
78,32345784000186,CORRETORAS,C6 CORRETORA DE TÍTULOS E VALORES MOBILIÁRIOS LTDA.,,EM FUNCIONAMENTO NORMAL,paulo.camargo@c6bank.com,28326000,1406000,,SP,SÃO PAULO,JARDIM PAULISTA,,AV NOVE DE JULHO Nº3186,2022-12-31,46367290.81,3735,2019-02-18,2019-02-18
79,35835933000183,CORRETORAS,CAMBIAL GESTÃO PATRIMONIAL S/A,CAMBIAL GESTÃO PATRIMONIAL S/A,CANCELADA,,2963100,20011040,BRASIL,RJ,RIO DE JANEIRO,,,R RODRIGO SILVA 26 14 ANDAR,1997-12-31,6462529.58,1295,1998-02-05,1989-06-28
80,10995983000105,CORRETORAS,CAMINHA FRANCO SOC CCTVM LTDA,CAMINHA FRANCO,CANCELADA,,1577,50030310,BRASIL,PE,RECIFE,,,AV RIO BRANCO 243/ CJ 102,1995-12-31,175958.68,370,1996-11-29,1968-06-11
81,17319971000100,CORRETORAS,CAMPOS CORREA - CV LTDA,,CANCELADA,,244133,30180000,BRASIL,MG,BELO HORIZONTE,,,"AV OLEGARIO MACIEL, 1377",1993-12-31,144679747.45,639,1994-11-11,1967-09-29
82,33767039000198,CORRETORAS,CARAVELLO S.A. DTVM - FALIDA,CARAVELLO S.A. DISTRIBUIDORA,CANCELADA,liqui@mundivox.com.br,25168244,20040004,BRASIL,RJ,RIO DE JANEIRO,CENTRO,,"AV. RIO BRANCO, 99 / 6 ANDAR",1999-12-31,0.00,1031,1999-04-28,1967-12-22
83,15222623000186,CORRETORAS,CARVALHO CCTM LTDA,,CANCELADA,,,40010000,BRASIL,BA,SALVADOR,,,AV DA FRANCA 164,1989-12-31,370617.77,507,1992-03-31,1970-12-22
84,15230501000131,CORRETORAS,CATEDRAL CCTM LTDA,CATEDRAL CCTM LTDA,CANCELADA,catedralcorretora@bovesba.com.br,33261733,40150010,BRASIL,BA,SALVADOR,COMÉRCIO,SALA-709,"RUA MIGUEL CALMON,555",2013-12-31,1155898.50,515,2015-10-07,1969-12-10
85,29710738000124,CORRETORAS,CELTON CTVM LTDA.,CELTON,CANCELADA,,22527260,20011000,BRASIL,RJ,RIO DE JANEIRO,CENTRO,,RUA DO CARMO 7/ 11 ANDAR,1995-12-31,0.00,2755,2007-03-19,1985-09-09
86,01235298000181,CORRETORAS,CETRO CTVM LTDA,CETRO,CANCELADA,,2246411,90020007,BRASIL,RS,PORTO ALEGRE,CENTRO,CJ 1603,R DOS ANDRADAS 1001/ 16 ANDAR,2002-12-31,0.00,3174,2002-04-03,1996-05-06
87,07554076000108,CORRETORAS,CGD INVESTIMENTOS CORRETORA DE VALORES E CAMBIO S.A.,BANIF PRIMUS CORRETORA DE TITULOS E VALORES MOBILIARIOS E CAMBIO S.A.,EM FUNCIONAMENTO NORMAL,martin.cordeiro@bcgbrasil.com.br,30739300,4543900,,SP,SÃO PAULO,VILA NOVA CONCEIÇÃO,13º ANDAR   CJ132 - BLOCO 02,"AV. PRESIDENTE JUSCELINO KUBITSCHEK, 1830",2022-12-31,23912291.59,3565,2005-09-01,2005-09-01
88,17318940000126,CORRETORAS,CHAVES - CV S/A,,CANCELADA,,2732199,30160000,BRASIL,MG,BELO HORIZONTE,,,"R RIO DE JANEIRO,1050-SOBRELOJ",1994-12-31,702973.60,620,1995-07-24,1967-06-23
89,61870200000190,CORRETORAS,CITIGROUP GLOBAL MARKETS BRASIL C.C.T.V.M. S.A.,INTRA SA CCV,CANCELADA,controlesinternos@intra.com.br,30396128,1451904,BRASIL,SP,SÃO PAULO,JD.PAULISTANO,4º ANDAR,"AV. BRIG. FARIA LIMA, 1461",2008-12-31,24787184.02,2054,2010-04-13,1967-06-09
90,33709114000164,CORRETORAS,"CITIGROUP GLOBAL MARKETS BRASIL, CCTVM S/A",CITIBANK,EM FUNCIONAMENTO NORMAL,marcelo.millen@citi.com,40095141,1311920,EGITO,SP,SÃO PAULO,BELA VISTA,14º ANDAR,"AV. PAULISTA, 1111",2022-12-31,852514672.83,965,1967-07-12,1967-07-12
91,35778562000145,CORRETORAS,CITY EMPREENDIMENTOS E SERVIÇOS LTDA.,CITY CCVM LTDA,CANCELADA,duclerc@citycorretora.com.br,31536141,22640100,BRASIL,RJ,RIO DE JANEIRO,BARRA DA TIJUCA,LOJA 124,"AV. DAS AMERICAS 500, BLOCO 20",2003-12-31,1820743.03,1279,2004-02-05,1989-08-09
92,15107963000166,CORRETORAS,CLEAR CORRETORA DE TÍTULOS E VALORES MOBILIÁRIOS S.A.,CLEAR CORRETORA DE TÍTULOS E VALORES MOBILIÁRIOS LTDA.,CANCELADA,institucional@clear.com.br,30272245,4538906,BRASIL,SP,SÃO PAULO,ITAIM BIBI,11 ANDAR,"AV BRIG FARIA LIMA, 3600",2016-12-31,33071605.48,3662,2018-01-23,2012-03-01
93,58225426000123,CORRETORAS,CLICKTRADE CCTVM S.A.,CLICKTRADE CCTVM S.A.,CANCELADA,corretora@clicktradecorretora.com.br,31671755,4534010,BRASIL,SP,SÃO PAULO,ITAIM BIBI,101 CONJ. 402,RUA JOAQUIM FLORIANO,2005-12-31,1178618.00,1627,2006-10-16,1968-01-15
94,02685483000130,CORRETORAS,CM CAPITAL MARKETS CCTVM LTDA,CM CAPITAL MARKETS CCTVM LTDA,EM FUNCIONAMENTO NORMAL,reguladores@cmcapital.com.br,38421122,4547004,,SP,SÃO PAULO,VILA OLIMPIA,SALA 2 A / CONJ.42,R GOMES DE CARVALHO 1195/4 AND,2022-12-31,27549791.30,3476,2001-05-04,2001-05-04
95,53263331000180,CORRETORAS,COBANSA S/A CCTVM,COBANSA COMPANHIA HIPOTECARIA,CANCELADA,cobansa@cobansa.com,375576,1012000,BRASIL,SP,SÃO PAULO,,,R ALVARES PENTEADO 97 2 ANDAR,1995-12-31,4664399.11,1546,1995-08-11,1984-02-08
96,09512542000118,CORRETORAS,CODEPE CORRETORA DE VALORES E CÂMBIO S.A.,CODEPE - CORRETORA,EM FUNCIONAMENTO NORMAL,codepe@codepe.com.br,126080999,6454010,,SP,BARUERI,ALPHAVILLE EMPRESARIAL,10 ANDAR CJ 1001,ALAMEDA MADEIRA 258,2022-12-31,42207344.88,302,1994-05-05,1985-04-29
97,02947068000108,CORRETORAS,COFIBENS CCTVM SA,COFIBENS CCTVM SA,CANCELADA,,2289338,90010410,BRASIL,RS,PORTO ALEGRE,CENTRO,,"RUA VASCO ALVES, 331",2000-12-31,604924.97,3352,2001-08-08,1999-03-01
98,00336036000140,CORRETORAS,COINVALORES CCVM LTDA,COINVALORES,EM FUNCIONAMENTO NORMAL,admfundoimobiliario@coinvalores.com.br,30354141,1451001,,SP,SÃO PAULO,JARDIM PAULISTANO,2º ANDAR,"AVENIDA BRIGADEIRO FARIA LIMA, 1800",2022-12-31,22834569.38,3018,1994-11-18,1994-11-18
99,00120177000121,CORRETORAS,COLHEITA PARTICIPAÇÕES LTDA,SHECK - CORRETORA,CANCELADA,,2830234,20040020,BRASIL,RJ,RIO DE JANEIRO,,,P?A PIO X 55 7 ANDAR,1996-12-31,2387084.03,3050,1997-12-10,1994-06-20
100,36178887000150,CORRETORAS,COLUMBOS PARTICIPAÇÕES LTDA.,PROSPER,CANCELADA,adm-prosper@prosper.com.br,22408861,20021290,BRASIL,RJ,RIO DE JANEIRO,CENTRO,11 ANDAR,"RUA DO PASSEIO, 70",2019-12-31,595561.86,1171,2020-11-19,1990-03-08
101,54445200000187,CORRETORAS,COMERCIAL ASSET MANAGEMENT ADMINISTRAÇÃO DE RECURSOS S.A.,COMERCIAL ASSET MANAGEMENT ADMINISTRAÇÃO DE RECURSOS S.A.,CANCELADA,mitsuko@comercial.com.br,31671899,5615190,BRASIL,SP,SÃO PAULO,MORUMBI,CJ 1006,"RUA DOS TRêS IRMãOS, 62",2002-12-31,0.00,1570,2002-08-09,1985-04-30
102,24523649000155,CORRETORAS,COMEX CCTVM LTDA,COMEX,CANCELADA,comexcc@uol.com.br,2111045,59025001,BRASIL,RN,NATAL,CIDADE ALTA,,"AV. RIO BRANCO, 571 SALA 713",2005-12-31,576363.69,752,2006-10-16,1989-12-21
103,40166985000144,CORRETORAS,COMPACTA CCTVM LTDA.,COMPACTA,CANCELADA,cctvm@aol.com,2424115,50710470,BRASIL,PE,RECIFE,TORRE,,"RUA PADRE LANDIM, 50",2002-12-31,526933.24,3190,2003-02-03,1996-12-04
104,61784278000191,CORRETORAS,COMPANHIA DE CRÉDITO FINANCIAMENTO E INVESTIMENTO RCI BRASIL,COMPANHIA DE CREDITO FINANCIAMENTO E INVESTIMENTO RCI BRAISL,CANCELADA,juridsocietario@santander.com.br,30251541,80250080,BRASIL,PR,CURITIBA,Batel,conjunto 203,"Rua Pasteur, 463 - 2º andar",1999-12-31,12511589.44,1937,2000-01-11,1967-07-12
105,33740465000138,CORRETORAS,COMPANHIA PEBB DE PARTICIPAÇÕES,PEBB,CANCELADA,pebb@pebb.com.br,25073355,20010010,BRASIL,RJ,RIO DE JANEIRO,CENTRO,20/11º ANDAR,PRAÇA  XV DE NOVEMBRO,2005-12-31,0.00,981,2005-12-13,1967-09-01
106,17434432000103,CORRETORAS,CONSULTRADE - CONSULTORIA E PARTICIPAÇÕES LTDA,CONSULTRADE CCTVM LTDA,CANCELADA,valeria@regonserv.com.br,32838722,30330040,BRASIL,MG,BELO HORIZONTE,SAO PEDRO,,"RUA PADRE ODORICO, 162",2010-12-31,617612.69,655,2011-11-07,1969-12-02
107,30277073000196,CORRETORAS,COR CARIOCA TCVM LTDA,,CANCELADA,,22216766,20050005,BRASIL,RJ,RIO DE JANEIRO,,,"R SETE DE SETEMBRO 99, 23 AND",1992-12-31,10764996133.07,892,1994-04-20,1978-09-13
108,61902730000172,CORRETORAS,COR PATENTE SA CVM,PATENTE,CANCELADA,,8869600,1310914,BRASIL,SP,SÃO PAULO,CERQUEIRA CESAR,,AV PAULISTA 1106/ 6 ANDAR,1998-12-31,14806561.32,2062,1999-12-21,1989-08-23
109,80202872000171,CORRETORAS,CORREPARTI CCV LTDA,CORREPARTI CCV LTDA,CANCELADA,correparti@correparti.com.br,,80020907,BRASIL,PR,CURITIBA,CENTRO,,R MAL DEODORO 235/5 AND/CJ.507,2004-12-31,413499.52,2372,1995-08-14,1987-07-07
110,80202872000171,CORRETORAS,CORREPARTI CCV LTDA,CORREPARTI CCV LTDA,CANCELADA,correparti@correparti.com.br,,80020907,BRASIL,PR,CURITIBA,CENTRO,,R MAL DEODORO 235/5 AND/CJ.507,2004-12-31,413499.52,3310,1999-09-17,1999-02-02
111,33490657000133,CORRETORAS,CORRET PAULO WILLEMSENS SA TVC,PAULO WILLEMSENS,CANCELADA,,2219611,20070020,BRASIL,RJ,RIO DE JANEIRO,,,R BUENOS AIRES 100 8ANDAR,1995-12-31,83207.80,957,1996-07-17,1968-05-09
112,04623781000121,CORRETORAS,CORRETORA AMAZONENSE CVM LTDA,CORRETORA AMAZONENSE CVM LTDA,CANCELADA,cal@horizon.com.br,2606,69007000,BRASIL,AM,MANAUS,CENTRO,,AV EDUARDO RIBEIRO 520/SL. 308,2004-12-31,1658011.28,51,2001-11-29,1979-10-03
113,06940282000193,CORRETORAS,CORRETORA BMC TVMC LTDA,B M C,CANCELADA,,2318478,60025130,BRASIL,CE,FORTALEZA,,,"R FLORIANO PEIXOTO,380-4 ANDAR",1990-12-31,1029087922.27,167,1991-07-31,1975-08-06
114,36348324000162,CORRETORAS,CORRETORA DE CAMBIO E VALORES MOBILIÁRIOS CESAR SANTOS NEVES S/A,CESAR NEVES - COR,CANCELADA,corretora@bancosantosneves.com.br,3343700,29055720,BRASIL,ES,VITÓRIA,PRAIA DO CANTO,,AV DES SANTOS NEVES 1232,2001-12-31,0.00,2720,2011-01-07,1991-06-05
115,92858380000118,CORRETORAS,CORRETORA GERAL DE VALORES E CAMBIO LTDA,CORRETORA GERAL DE VALORES E CAMBIO LTDA,EM FUNCIONAMENTO NORMAL,cinternos@geralinvestimentos.com.br,32132727,90010090,,RS,PORTO ALEGRE,CENTRO HISTÓRICO,7 ANDAR,"DR. JOSÉ MONTAURY, 139",2022-12-31,25901227.92,2518,1967-06-23,1967-06-23
116,33815234000146,CORRETORAS,CORRETORA NACIONAL DE FUNDOS PUBLICOS LTDA,CORRETORA NACIONAL DE FUNDOS PUBLICOS LTDA,CANCELADA,nacional@nacionalcorretora.com.br,22241272,20040001,BRASIL,RJ,RIO DE JANEIRO,CENTRO,,"AV RIO BRANCO, 108 / 6 ANDAR",2003-12-31,0.00,1090,2007-06-28,1967-11-09
117,17312786000185,CORRETORAS,CORVAL CORRETORA DE VALORES S/A,--,CANCELADA,corval@uol.com.br,32282900,30315032,BRASIL,MG,BELO HORIZONTE,COMITECO,CASA,AV BANDEIRANTES 1788,2013-12-31,4522487.98,604,2014-09-11,1967-09-19
118,33778044000104,CORRETORAS,CREDIBANCO S/A - CCVM,,CANCELADA,,,20031,BRASIL,RJ,RIO DE JANEIRO,,,"AV. ALM BARROSO, 52",1989-12-31,33571919.83,1058,1990-03-01,1967-07-17
119,72182306000117,CORRETORAS,CREDICORP PARTICIPAÇÕES LTDA,CREDICORP CORRETORA DE CAMBIO LTDA.,CANCELADA,credicorp@credicorp.com.br,22032450,20040020,BRASIL,RJ,RIO DE JANEIRO,CENTRO,,"PRACA PIO X, 55 - GRUPO 902",2013-12-31,6448555.04,3590,2014-01-31,2008-11-18
120,17335514000109,CORRETORAS,CREDIREAL SA CCV,CREDIREAL,CANCELADA,,2393182,30160030,BRASIL,MG,BELO HORIZONTE,,,R ESPIRITO SANTO 495 7ANDAR,1997-12-31,4065666.90,647,1998-08-20,1968-02-09
121,42584318000107,CORRETORAS,CREDIT SUISSE (BRASIL) S/A CTVM,--,EM FUNCIONAMENTO NORMAL,list.csbg-unicad@credit-suisse.com,37016800,4542000,,SP,SÃO PAULO,ITAIM BIBI,"Nº 700-10,12 A 14º",LEOPOLDO COUTO DE MAGALHÃES JR,2022-12-31,438634950.95,1368,1976-11-30,1976-11-30
122,61809182000130,CORRETORAS,CREDIT SUISSE HEDGING-GRIFFO CORRETORA DE VALORES S.A.,CREDIT SUISSE HEDGING-GRIFFO CORRETORA DE VALORES S.A,EM FUNCIONAMENTO NORMAL,list.csbg-unicad@credit-suisse.com,37016800,4542000,BRASIL,SP,SÃO PAULO,ITAIM BIBI,"700, 10º, 11º, 12º, 13º E 14º ANDAR (PARTE)",RUA LEOPOLDO COUTO MAGALHÃES J,2022-12-31,193677254.33,1988,1967-09-13,1967-09-13
123,04169504000190,CORRETORAS,CRUZEIRO DO SUL S.A. CORRET DE VALORES E MERCADORIAS,CRUZEIRO DO SUL S.A. CV,CANCELADA,sac@bcsul.com.br,38614100,20030021,BRASIL,RJ,RIO DE JANEIRO,CENTRO,24o. andar,"Av. Presidente Wilson, 231",2011-12-31,81418816.75,35,2015-09-11,1971-07-28
124,76631522000153,CORRETORAS,DATABANK CCVM LTDA,DATABANK CCVM LTDA,CANCELADA,,3428899,80440080,BRASIL,PR,CURITIBA,SEMINARIO,,"R BISPO DOM JOSE, 2435 - 1 AND",2000-12-31,1141602.21,2305,2001-11-29,1968-03-29
125,49241570000162,CORRETORAS,DAYCOVAL CORRETORA DE TITULOS E VALORES MOBILI-RIOS LTDA.,,EM FUNCIONAMENTO NORMAL,,,1311200,,SP,SÃO PAULO,BELA VISTA,,"AVENIDA PAULISTA, N¦ 1793",2023-09-27,7006300.00,3824,2023-08-29,2023-08-29
126,33806647000164,CORRETORAS,DC 1000 CONSULTORIA FINANCEIRA LTDA.,DC - CORRETORA,CANCELADA,dc-1000@hotmail.com,22927722,20011040,BRASIL,RJ,RIO DE JANEIRO,CENTRO,19,"RUA RODRIGO SILVA, 26",2004-12-31,0.00,1082,2004-05-28,1967-09-08
127,77162881000171,CORRETORAS,DEBONI DTVM LTDA,DEBONI,CANCELADA,contabil@debonicambio.com.br,32216262,80020320,,PR,CURITIBA,CENTRO,GALERIA MINERVA,"R. MAL. DEODORO, 261 - LOJA 6",2005-12-31,2213875.62,2348,2006-11-03,1976-08-10
128,02184143000126,CORRETORAS,DEUTSCHE BANK CORRETORA DE VALORES S.A.,DEUTSCHE BANK C. V S/A,CANCELADA,rosana.souza@db.com,21135568,4538132,BRASIL,SP,SÃO PAULO,ITAIM,14º ANDAR,AV. BRIGADEIRO FARIA LIMA 3900,2015-12-31,200101216.73,3239,2017-08-07,1997-09-19
129,61795290000100,CORRETORAS,DIAS DE SOUZA - PARTICIPACOES E EMPREENDIMENTOS,DIAS DE SOUZA,CANCELADA,dsv@diasdesouza.com.br,6077506,1009000,BRASIL,SP,SÃO PAULO,CENTRO,,R LIBERO BADARO 471 - 16 ANDAR,2004-12-31,12100206.60,1961,2002-06-28,1967-06-23
130,61795290000100,CORRETORAS,DIAS DE SOUZA - PARTICIPACOES E EMPREENDIMENTOS,DIAS DE SOUZA,CANCELADA,dsv@diasdesouza.com.br,6077506,1009000,BRASIL,SP,SÃO PAULO,CENTRO,,R LIBERO BADARO 471 - 16 ANDAR,2009-12-31,3105216.31,3530,2010-05-06,2004-02-12
131,24276263000196,CORRETORAS,DIBENS S/A DTVM,DIBENS,CANCELADA,patricio@dibens.com.br,30971847,1012010,BRASIL,SP,SÃO PAULO,CENTRO,7° ANDAR - PARTE,"RUA DA QUITANDA, 157",1999-12-31,5853547.53,744,1993-06-23,1989-02-22
132,52937216000181,CORRETORAS,DIDIER-LEVY ASSOCIADOS CORRETORA DE CÂMBIO S/A,DIDIER-LEVY CORRETORA DE CÂMBIO LTDA,CANCELADA,vinicius@didierlevy.com.br,31672030,4536000,BRASIL,SP,SÃO PAULO,CHACARA ITAIM,,R JERONIMO DA VEIGA 164/8 AND.,2004-12-31,944287.53,1538,1996-08-19,1983-09-21
133,15221625000150,CORRETORAS,DINIZ VIDIGAL CCVM LTDA,DINIZ VIDIGAL,CANCELADA,,1378,40010000,BRASIL,BA,SALVADOR,COMERCIO,ED CIDADE SALVADOR,AV ESTADOS UNIDOS 340 / LOJA B,2005-12-31,526231.69,485,2006-05-09,1968-05-20
134,76641497000199,CORRETORAS,DOURADA CCVM LTDA,DOURADA,CANCELADA,dourada@dourada.com.br,3220833,80020320,BRASIL,PR,CURITIBA,CENTRO,LJ 8 - GAL.MINER,"R MARECHAL DEODORO,261",2005-12-31,1901891.91,2321,2006-10-06,1968-09-19
135,35924950000197,CORRETORAS,DRESDNER BANK BRASIL S/A CCTVM,DRESDNER BANK CCTVM,CANCELADA,sao-paulo@dresdner-bank.com,38243500,20030021,BRASIL,RJ,RIO DE JANEIRO,CENTRO,SL. 1701/1702/1703,AV PRES WILSON 231/ 17 ANDAR,2002-12-31,1996493.96,1317,2004-01-19,1989-12-27
136,35768001000165,CORRETORAS,DUARTE ROSA SA CCV,DUARTE ROSA SA CCV,CANCELADA,,22920057,20011040,BRASIL,RJ,RIO DE JANEIRO,CENTRO,PARTE,R RODRIGO SILVA 26/ 8 ANDAR,1995-12-31,0.00,1260,2012-05-09,1989-06-30
137,10987659000137,CORRETORAS,DUBEUX GESTÃO DE PATRIMONIO E CONSULTORIA LTDA,DUBEUX,CANCELADA,dubebelo@elogica.com.br,32247477,50030000,BRASIL,PE,RECIFE,RECIFE,SALAS 303 / 305,"AV. MARQUES DE OLINDA, 200",2007-12-31,282321.24,353,2008-12-29,1968-07-18
138,12242160000126,CORRETORAS,EBANO COR.DE CAMBIO E VAL LTDA,EBANO CCV LTDA.,CANCELADA,,1474,60160280,BRASIL,CE,FORTALEZA,,,R COSTA BARROS 915 S/403 A 411,1997-12-31,147130.84,418,1995-11-07,1987-07-29
139,93000826000131,CORRETORAS,EGEMP GESTÃO PATRIMONIAL LTDA.,EGIDE,CANCELADA,contabilidade@egide.com.br,22212122,20040011,BRASIL,RJ,RIO DE JANEIRO,CENTRO,20. ANDAR,"RUA RODRIGO SILVA, 26",2005-12-31,0.00,3220,2005-06-27,1997-12-01
140,28048783000100,CORRETORAS,ELITE CCVM LTDA,ELITE,EM FUNCIONAMENTO NORMAL,ol-juridico-societario@btgpactual.com,21422100,22250040,,RJ,RIO DE JANEIRO,BOTAFOGO,5 E 6 ANDARES,PRAIA DE BOTAFOGO - TORRE CORCOVADO,2022-12-31,17150619.60,817,1983-03-30,1983-03-30
141,20833950000104,CORRETORAS,EMBLEMA S/A CCV,EMBLEMA,CANCELADA,paulohenrique.pena@bancoemblema.com.br,32531090,30170001,BRASIL,MG,BELO HORIZONTE,SANTO AGOSTINHO,3 ANDAR,"AV. ALVARES CABRAL, 1777",2005-12-31,0.00,701,2005-05-25,1985-02-05
142,33834177000142,CORRETORAS,EMBRACOR S/A CCVM - EM FALENCIA,EMBRACOR S/A CCVM,CANCELADA,,2219282,20070000,BRASIL,RJ,RIO DE JANEIRO,CENTRO,,R BUENOS AIRES 68/ 23 E 24 AND,1995-12-31,0.00,2976,2001-09-25,1990-09-18
143,47965438000178,CORRETORAS,EQI INVESTIMENTOS CORRETORA DE T?TULOS E VALORES MOBILI?RIOS S.A.,,EM FUNCIONAMENTO NORMAL,,,8533210,,SP,SÃO PAULO,ITAIM BIBI,7- ANDAR - CONJ.72,"AVENIDA BRIGADEIRO FARIA LIMA, N? 3600",2023-06-30,25000000.00,3816,2023-07-25,2023-07-25
144,15746738000170,CORRETORAS,EQUATORIAL CCVM LTDA,,CANCELADA,,251377,66053000,BRASIL,PA,BELÉM,,,"AV.VISCONDE SOUZA FRANCO, 166",1992-12-31,163632707.07,531,1993-12-31,1987-11-19
145,33739715000110,CORRETORAS,EQUIPE SA DTVM,EQUIPE S/A CORRETORA DE VELORES,CANCELADA,jorgecomunale@hotmail.com,5077595,22410002,BRASIL,RJ,RIO DE JANEIRO,IPANEMA,SALAS 704 E 705,"RUA VISCONDE DE PIRAJÁ, 430",2005-12-31,412221.95,973,2006-12-06,1967-09-06
146,33832015000175,CORRETORAS,EQUITY CP CCV SA,EQUITY CP CCV SA,CANCELADA,ernani@equity-cp.com.br,5400303,22440030,BRASIL,RJ,RIO DE JANEIRO,LEBLON,8 ANDAR,"AV.ATAULFO DE PAIVA,482",2002-12-31,0.00,1147,2002-09-11,1968-02-09
147,58225491000159,CORRETORAS,ESC PASSARELLI - CCT LTDA,,CANCELADA,,,11010150,BRASIL,SP,SANTOS,,,RUA XV DE NOVEMBRO 104,1991-12-31,95910018.81,1635,1992-09-09,1968-01-24
148,92875673000103,CORRETORAS,ESCOTAL-ESCRITÓRIO DE CORRETAGEM DE VALORES E CAMBIO LTDA,ESCOTAL,CANCELADA,,1353,90010140,BRASIL,RS,PORTO ALEGRE,,,"R URUGUAI,303",1995-12-31,0.00,2526,1996-10-14,1968-02-08
149,61736120000146,CORRETORAS,ESCRITORIO LEVY CVM S/A,,CANCELADA,,55055000,4578000,BRASIL,SP,SÃO PAULO,BROOKLIN NOVO,CONJUNTO 202,AV NACOES UNIDAS 11633/20 AND.,1999-12-31,283900.14,1856,1993-10-08,1967-06-29
150,17305319000128,CORRETORAS,ESCRITÓRIO RUY LAGE CONSULTORIA EMPRESARIAL LTDA.,ESCRITÓRIO RUY LAGE SOCIEDADE CT LTDA,CANCELADA,ruylage@corretoraruylage.com.br,32712828,30120060,BRASIL,MG,BELO HORIZONTE,CENTRO,LOJA 01,RUA DOS CARIJÓS 150,2016-12-31,1958091.38,566,2017-07-06,1967-08-04
151,74073974000131,CORRETORAS,ESTRATEGIA INVESTIMENTOS S/A CVC,ESTRATEGIA INVESTIMENTOS S/A CVC,CANCELADA,estrat@gbl.com.br,22101381,20010010,BRASIL,RJ,RIO DE JANEIRO,CENTRO,6 andar,Praça XV de Novembro nº 34,2013-12-31,1639609.24,2887,2016-03-07,1993-12-03
152,34190991000134,CORRETORAS,"EUROINVEST S/A - CORRETORA, CÂMBIO, TÍTULOS E  VALORES MOBILIÁRIOS",EUROINVEST,EM FUNCIONAMENTO NORMAL,euroinvest@grupoeuroinvest.com.br,21327213,22640100,,RJ,RIO DE JANEIRO,BLOCO 1- SALA 213,700,AVENIDA DAS AMÉRICAS,2022-12-31,2077604.77,1228,1989-07-26,1989-07-26
153,39468954000169,CORRETORAS,EXATA PARTICIPAÇÕES S.A.,EXATA,CANCELADA,,5098478,20040005,BRASIL,RJ,RIO DE JANEIRO,,,AV RIO BRANCO 123-9 AND(PARTE),2002-12-31,0.00,2860,2002-09-04,1993-08-20
154,73388126000159,CORRETORAS,"FACTORIAL CONSULTORIA, PARTICIPAÇÕES E SERVIÇOS LTDA",FACTORIAL,CANCELADA,,5071566,20011030,BRASIL,RJ,RIO DE JANEIRO,CENTRO,GRUPOS 1102 / 1103,"R DA QUITANDA, 50 - 11° ANDAR",2002-12-31,0.00,2844,2002-12-11,1993-09-02
155,44974004000146,CORRETORAS,FADATH CC LTDA,,CANCELADA,,2347263,9726150,BRASIL,SP,SÃO BERNARDO DO CAMPO,VILA SÃO JOÃO,,"AV ANTARTICO,475- 6º  AND-S/61",1994-12-31,85611.45,1384,1995-06-20,1971-04-29
156,32648370000126,CORRETORAS,FAIR CORRETORA DE CÂMBIO S.A.,FAIR,CANCELADA,supervisao@faircorretora.com.br,31912500,1418200,BRASIL,SP,SÃO PAULO,CERQUEIRA CESAR,8 E 9 ANDARES,"ALAMEDA SANTOS, 1800",2004-12-31,1660519.92,922,2004-12-22,1988-09-14
157,03034469000130,CORRETORAS,FARSOJA S/A CCTVM,FARSOJA,CANCELADA,,,90020005,BRASIL,RS,PORTO ALEGRE,,,RUA DOS ANDRADAS 955/ CJ.1102,1992-12-31,0.00,27,1993-04-15,1986-05-06
158,63062749000183,CORRETORAS,FATOR S.A. CORRETORA DE VALORES,FATOR-DORIA ATHERINO,EM FUNCIONAMENTO NORMAL,ol-juridico-societario@btgpactual.com,33832000,4538133,,SP,SÃO PAULO,ITAIM BIBI,14 ANDAR,"AV. BRIGADEIRO FARIA LIMA, 3.477",2022-12-31,607250.92,2194,1971-02-09,1971-02-09
159,35759026000100,CORRETORAS,FATOR SA CVC,FATOR - CORRETORA,CANCELADA,,30681000,1448000,BRASIL,SP,SÃO PAULO,ITAIM,,RUA AMAURI 255/ 6 AO 9 ANDARES,1998-12-31,16460135.88,1252,1999-12-23,1989-06-28
160,07573181000194,CORRETORAS,FIBRASA-CCV LTDA,,CANCELADA,,,60350000,BRASIL,CE,FORTALEZA,,,"AV. SARG. HERMINIO 2965, S/20",1993-12-31,305455254.76,221,1994-07-07,1984-10-03
161,35594001000196,CORRETORAS,FINAMBRÁS HOLDING LTDA.,FINAMBRAS,CANCELADA,vanessa@finambras.com.br,30378100,5424010,BRASIL,SP,SÃO PAULO,PINHEIROS,7 ANDAR - CONJ 72,"RUA PAES LEME, 524",2010-12-31,1070034.11,2682,2011-03-29,1991-01-24
162,62125869000110,CORRETORAS,FINASA CCVM S.A.,FINASA CCVM S.A.,CANCELADA,finasacorretora@finasa.com.br,31411900,1419002,BRASIL,SP,SÃO PAULO,CONSOLAÇÃO,11ºANDAR (PARTE),"AVENIDA IPIRANGA, 282",2002-12-31,0.00,2135,2003-09-12,1968-03-13
163,03317692000194,CORRETORAS,FINAXIS CORRETORA DE TÍTULOS E VALORES MOBILIÁRIOS S.A.,FINAXIS CTVM S/A,EM FUNCIONAMENTO NORMAL,servicosfinanceiros@finaxis.com.br,35269001,1310923,BRASIL,SP,SÃO PAULO,BELA VISTA,TN - CJ 17,"AV PAULISTA, 1842",2022-12-31,10291436.35,3425,2000-10-20,2000-10-20
164,76613512000195,CORRETORAS,FININVEST - CCVM LTDA,FININVEST,CANCELADA,,34698,80010180,BRASIL,PR,CURITIBA,,,"BARAO DO RIO BRANCO,122-1 AND",1995-12-31,144103.17,2240,1996-12-09,1967-11-01
165,04644175000192,CORRETORAS,FLOAT CCVM S/A,FLOAT,CANCELADA,,1013,69010000,BRASIL,AM,MANAUS,CENTRO,,AV EDUARDO RIBEIRO 520/ 17 AND,1998-12-31,439320.18,60,1999-12-06,1983-05-16
166,34562942000185,CORRETORAS,FLUXO CC LTDA,FLUXO CORRETORA DE CÂMBIO S/A,CANCELADA,fluxocc@uol.com.br,,1311300,BRASIL,SP,SÃO PAULO,,,"AV PAULISTA,2073-4§ AND-403",2004-12-31,720894.69,2666,1993-11-05,1990-03-13
167,73585721000184,CORRETORAS,FONTE CINDAM SA CCV,FONTE CINDAM SA CCV,CANCELADA,,5405882,22440030,BRASIL,RJ,RIO DE JANEIRO,LEBLON,,"AV.ATAULFO DE PAIVA,226/SL.801",1998-12-31,27986910.53,1074,1999-10-29,1993-09-14
168,73004749000180,CORRETORAS,FORTE S/A CCTVM,IPANEMA S/A CORRETORA,CANCELADA,forte@fortecorretora.com.br,35251111,4533014,BRASIL,SP,SÃO PAULO,ITAIM BIBI,23ºANDAR - CJ 233,"RUA TABAPUÃ, 1123",2008-12-31,1304197.31,3298,2008-12-30,1998-09-04
169,76624337000131,CORRETORAS,FORTUNA CCV S/A,FORTUNA,CANCELADA,,3227070,80420900,BRASIL,PR,CURITIBA,CENTRO,,"R COMENDADOR ARAUJO,143-2 AND",1998-12-31,779096.37,2283,1999-09-23,1968-03-29
170,55547061000165,CORRETORAS,GAVE CCTVM S/A,GAVE,CANCELADA,,83045,1069900,BRASIL,SP,SÃO PAULO,CENTRO,,RUA LIBERO BADARO 425/ 35 AND.,1995-12-31,0.00,1597,1997-05-30,1986-02-26
171,20230272000195,CORRETORAS,GC PARTICIPAÇÕES LTDA,GERALDO CORREA,CANCELADA,rh@geraldocorrea.com.br,37861599,30140120,BRASIL,MG,BELO HORIZONTE,FUNCIONARIOS,SALA 801,RUA DOS INCONFIDENTES 1075,2014-12-31,3300137.73,698,2015-11-24,1978-04-25
172,05816451000115,CORRETORAS,"GENIAL INSTITUCIONAL CORRETORA DE CÂMBIO, TÍTULOS E VALORES MOBILIÁRIOS S.A.","GENIAL INSTITUCIONAL CORRETORA DE CÂMBIO, TÍTULOS E VALORES MOBILIÁRIOS S.A.",EM FUNCIONAMENTO NORMAL,juridico@genial.com.vc,32068000,4538132,EGITO,SP,SÃO PAULO,ITAIM BIBI,CONJUNTO 92 PARTE,"AV. BRIGADEIRO FARIA LIMA, 3.400",2022-12-31,135900961.46,3620,2009-07-24,2009-07-24
173,27652684000162,CORRETORAS,GENIAL INVESTIMENTOS CORRETORA DE VALORES MOBILIÁRIOS S.A.,GENIAL INVESTIMENTOS,EM FUNCIONAMENTO NORMAL,atendimentocvm.corretora@genial.com.vc,39233000,22250906,EGITO,RJ,RIO DE JANEIRO,BOTAFOGO,9º ANDAR - SALA 907,"PRAIA DE BOTAFOGO, Nº 228",2022-12-31,280655242.59,3212,1997-12-04,1997-12-03
174,00111777000123,CORRETORAS,GERACAO CV LTDA,GERACAO CV LTDA,CANCELADA,jrumayor@terra.com.br,32280014,90010191,BRASIL,RS,PORTO ALEGRE,CENTRO,CONJ 201,"RUA SETE DE SETEMBRO, 1096",2002-12-31,0.00,3077,2002-06-20,1994-06-23
175,92575224000140,CORRETORAS,GIROS CVM LTDA.,GIROS,CANCELADA,,,90020000,BRASIL,RS,PORTO ALEGRE,,,R DOS ANDRADAS 1001/6AND/CJ602,1993-12-31,39714221.78,2488,1994-10-18,1989-01-10
176,09605581000160,CORRETORAS,GOLDMAN SACHS DO BRASIL CTVM S/A,GOLDMAN SACHS DO BRASIL CORRETORA DE TÍTULOS E VALORES MOBILIÁRIOS S.A.,EM FUNCIONAMENTO NORMAL,gs-institucional-brasil@gs.com,33710700,4542000,,SP,SÃO PAULO,ITAIM BIBI,16 ANDAR,R LEOPOLDO C MAGALHAES JR 700,2022-12-31,480407504.34,3581,2008-05-30,2008-05-30
177,99990202000195,CORRETORAS,GRAND PRIX CVC LTDA,GRAND PRIX,CANCELADA,,,66035170,BRASIL,PA,BELÉM,,,"AV NAZARE,532/410",1995-12-31,0.00,3085,1995-11-10,1994-10-31
178,65913436000117,CORRETORAS,GUIDE INVESTIMENTOS S.A. CORRETORA DE VALORES,GUIDE INVESTIMENTOS,EM FUNCIONAMENTO NORMAL,juridico@guide.com.br,35766925,1451000,EGITO,SP,SÃO PAULO,ITAIM,12 ANDAR,AV BRIGADEIRO FARIA LIMA 3064,2022-12-31,135083854.57,1724,1991-01-03,1991-01-03
179,24074692000180,CORRETORAS,GUITTA CCTVM LTDA,GUITTA,CANCELADA,guitta@guitta.com.br,31163500,1009000,BRASIL,SP,SÃO PAULO,,,"R.LIBERO BADARO,293/6 AND./CJB",2004-12-31,2821370.27,728,1997-03-06,1988-07-13
180,15203219000165,CORRETORAS,GULFINVEST DTVM LTDA,GULFINVEST - DIST,CANCELADA,,1310,22290160,BRASIL,RJ,RIO DE JANEIRO,,,"RUA LAURO MULLER,116 / CJ 1301",1992-12-31,5027002840.86,3573,1993-12-22,1989-08-28
181,33894445000111,CORRETORAS,HAITONG SECURITIES DO BRASIL CORRETORA DE CÂMBIO E VALORES MOBILIÁRIOS S.A.,BES SECURITIES DO BRASIL S.A. CCVM,EM FUNCIONAMENTO NORMAL,resp_legal@haitongib.com.br,30747444,4538905,,SP,SÃO PAULO,ITAIM BIBI,"8º ANDAR, SALA 02","AV BRIGADEIRO FARIA LIMA, 3729",2022-12-31,99204734.73,1201,1968-06-21,1968-06-21
182,18371583000122,CORRETORAS,HERCULES CV LTDA,HERCULES,CANCELADA,,3617,30160030,BRASIL,MG,BELO HORIZONTE,,,R ESPIRITO SANTO 461,1995-12-31,0.00,680,1997-02-14,1983-07-15
183,72153281000123,CORRETORAS,HEXAGON PARTICIPAÇÕES LTDA,HEXAGON,CANCELADA,,2617288,60331640,BRASIL,CE,FORTALEZA,,,AV S.VIRGILIO TAVORA 150/7 AND,2004-12-31,0.00,3026,2004-11-05,1995-04-25
184,17312083000157,CORRETORAS,HH PICCHIONI SA CCVM,HH PICCHIONI,EM FUNCIONAMENTO NORMAL,florentino@picchioni.com.br,32387126,30150281,BRASIL,MG,BELO HORIZONTE,FUNCIONARIOS,1.539,AVENIDA BERNARDO MONTEIRO,2022-12-31,6737199.30,582,1967-07-19,1967-07-19
185,81681009000107,CORRETORAS,HM CCVM LTDA.,,CANCELADA,,,80010000,BRASIL,PR,CURITIBA,,,AV VISC DE GUARAPUAVA 2350 BL1,1993-12-31,34063243.12,2380,1995-02-09,1989-10-11
186,76614346000141,CORRETORAS,HORIZONTE S/A CVC,,CANCELADA,,2322311,80410000,BRASIL,PR,CURITIBA,,,"RUA SALDANHA MARINHO, 480",1993-12-31,36740361.19,2259,1994-09-13,1967-09-19
187,34974170000199,CORRETORAS,HOYA CORRETORA DE CÂMBIO LTDA.,--,CANCELADA,fernandoleitao@hoya.com.br,33859606,22230060,BRASIL,RJ,RIO DE JANEIRO,CENTRO,502/512,RUA DA CANDELARIA 9,2017-12-31,5966736.71,1236,2018-11-05,1989-11-13
188,76528660000101,CORRETORAS,HSBC CCVM (BRASIL) S.A.,HSBC CCVM,CANCELADA,,3216265,80020030,BRASIL,PR,CURITIBA,CENTRO,SOBRELOJA,TRAVESSA OLIVEIRA BELO 34,2001-12-31,0.00,2216,2002-06-21,1967-09-01
189,27842177000191,CORRETORAS,"IB CORRETORA DE CAMBIO, TITULOS E VALORES MOBILIARIOS S.A.","IB CORRETORA DE C-MBIO, T-TULOS E VALORES MOBILI-RIOS LTDA.",EM FUNCIONAMENTO NORMAL,compliance@ibcorretora.com.br,29702933,5319000,,SP,SÃO PAULO,VILA HAMBURGUESA,CJ. 307 - 3ºANDAR,AV. QUEIROZ FILHO 1700 TORRE-A,2022-12-31,3888727.53,3700,2017-12-22,2017-12-22
190,09105360000122,CORRETORAS,ICAP DO BRASIL CTVM LTDA,ICAP DO BRASIL DISTRIBUIDORA DE TÍTULOS E VALORES MOBILIÁRIOS LTDA,EM FUNCIONAMENTO NORMAL,juridico@tullettprebon.com.br,39564200,22640102,,RJ,RIO DE JANEIRO,BARRA DA TIJUCA,2º ANDAR,"AV. DAS AMERICAS, Nº 3500",2022-12-31,44864943.32,3603,2008-12-29,2008-12-29
191,16695922000109,CORRETORAS,ID CORRETORA DE TITULOS E VALORES MOBILIARIOS S.A.,-----,EM FUNCIONAMENTO NORMAL,supervisao@idsf.com.br,46376633,4543000,,SP,SÃO PAULO,VILA NOVA CONCEIÇÃO,CONJ 194,"AV. PRES. JUSCELINO KUBITSCHEK, 1726",2022-12-31,2101503.24,3670,2013-01-15,2013-01-15
192,31749596000150,CORRETORAS,IDEAL CORRETORA DE TÍTULOS E VALORES MOBILIÁRIOS S.A.,,EM FUNCIONAMENTO NORMAL,contato@idealctvm.com.br,30143545,4538133,,SP,SÃO PAULO,ITAIM BIBI,6° ANDAR,"AV. BRIG. FARIA LIMA, 4221",2022-12-31,57185467.52,3727,2019-01-16,2019-01-16
193,42352328000117,CORRETORAS,INCAF CCTM LTDA,,CANCELADA,,,20090,BRASIL,RJ,RIO DE JANEIRO,,,"R S BENTO, 08 - 2/4 ANDARES",1989-12-31,51508632.39,1341,1990-12-21,1990-01-01
194,61757423000145,CORRETORAS,INCENTIVO PARTICIPAÇÕES S.A.,INCENTIVO PARTICIPAÇÕES S.A.,CANCELADA,carolina@incentivodtvm.biz,31885555,4542060,BRASIL,SP,SÃO PAULO,ITAIM BIBI,"conj 21 , parte B","rua iaia, nº 77, 2º andar",2001-12-31,11860692.89,1899,2002-08-13,1967-07-14
195,61531554000100,CORRETORAS,INDUSCRED S.A. DTVM,INDUSCRED,CANCELADA,,24101,1311200,BRASIL,SP,SÃO PAULO,,,"AV.PAULISTA,1345-1§ SUBSOLO",1996-12-31,43636.35,1775,1995-06-20,1968-10-11
196,03014007000150,CORRETORAS,"INFINITY CORRETORA DE CAMBIO, TITULOS E VALS MOBILIARIOS S/A",INFINITY CCTVM,CANCELADA,infinity@infinityasset.com.br,30490770,4551060,BRASIL,SP,SÃO PAULO,VILA OLIMPIA,23º ANDAR,"RUA FUNCHAL, 418",2021-12-31,1164401.65,3360,2022-07-22,1999-05-07
197,04848115000191,CORRETORAS,ING CCT S.A.,ING CORRETORA,CANCELADA,omar.lucas@ing.com,45046033,4543907,,SP,SÃO PAULO,VILA NOVA CONCEIÇÃO,1909 - 20º,AV. PRES. JUSCELINO KUBITSCHEK,2021-12-31,326344505.47,108,2022-09-21,1983-04-13
198,92922525000100,CORRETORAS,INTEGRAL PARTICIPAÇÕES E EMPREENDIMENTOS LTDA.,INTEGRAL S.A.,CANCELADA,,22620123,22451041,BRASIL,RJ,RIO DE JANEIRO,GAVEA,,"R MARQUES S. VICENTE,99/3 AND.",2000-12-31,3524759.67,3280,2001-06-01,1998-08-21
199,78942398000172,CORRETORAS,INTERAÇÃO - ASSESSORIA E CONSULTORIA LTDA,RENDICAP,CANCELADA,,3222711,80060020,BRASIL,PR,CURITIBA,,,R.BENJ.CONSTANT 67/ 9 AND/ 901,1996-12-31,226667.53,2364,1997-02-12,1985-08-20
200,21592209000161,CORRETORAS,INTERBANK S/A CCTVM,INTERBANK,CANCELADA,,25330238,20040007,BRASIL,RJ,RIO DE JANEIRO,CENTRO,SALAS 3003/ 4,AV RIO BRANCO 181/ 30 ANDAR,2000-12-31,4856560.86,3255,2001-04-18,1998-03-17
201,00169331000150,CORRETORAS,INTERBOLSA DO BRASIL ADMINISTRADORA DE BENS LTDA.,FINABANK,CANCELADA,iris.alves@interbolsa.com.br,40834200,1452001,BRASIL,SP,SÃO PAULO,JARDIM PAULISTANO,5O. ANDAR,AV. BRIGADEIRO FARIA LIMA 1663,2012-12-31,13750199.94,3263,2013-10-08,1994-08-11
202,04020986000112,CORRETORAS,INTERFLOAT HZ ADMINISTRAÇÃO DE BENS PRÓPRIOS E PARTICIPAÇÕES LTDA,INTERFLOAT HZ CCTVM LTDA,CANCELADA,roberto.lombardi@interfloat.com.br,30802050,4538132,BRASIL,SP,SÃO PAULO,ITAIM BIBI,4° ANDAR,"AV BRIGADEIRO FARIA LIMA, 3311",2013-12-31,57405543.90,3506,2015-08-21,2001-08-08
203,29621281000181,CORRETORAS,INTERUNION S.A. CORRETORA DE TÍTULOS E VALORES MOBILIÁRIOS E CÂMBIO,INTERUNION,LIQUIDAÇÃO EXTRAJUDICIAL,,2537722,20090003,BRASIL,RJ,RIO DE JANEIRO,,,AV RIO BRANCO 45 22ANDAR,1995-12-31,8045511.08,876,1996-12-30,1985-08-27
204,67477430000170,CORRETORAS,INTERVAL CCV LTDA,INTERVAL,CANCELADA,,,11010121,BRASIL,SP,SANTOS,,,"RUA GAL.CAMARA,5 - 13 ANDAR",1995-12-31,75181.06,2739,1996-04-17,1991-12-27
205,09493503000110,CORRETORAS,INVESTNORTE - CVMC LTDA,INVESTNORTE,CANCELADA,evamotta@via-rs.net,32242022,50030000,BRASIL,PE,RECIFE,CENTRO,CONJ.310,"AV.MARQUÊS DE OLINDA, 200",2005-12-31,760055.71,299,2015-11-24,1985-01-03
206,39065123000146,CORRETORAS,INVESTOR SA CCTM,INVESTOR - CORRETORA,CANCELADA,,2326841,20020100,BRASIL,RJ,RIO DE JANEIRO,CENTRO,SALA 606,"RUA SETE DE SETEMBRO, 132",2000-12-31,1977616.17,841,2001-10-24,1990-03-13
207,12319901000120,CORRETORAS,INVISTA S/A CTVM,INVISTA,CANCELADA,,2432544,40015060,BRASIL,BA,SALVADOR,,,R DOS ALGIBEBES 4/SALA 801-805,1994-12-31,0.00,426,1995-07-03,1970-12-01
208,59312306000126,CORRETORAS,"IRMÃOS GUIMARÃES - CORRETORA DE CÂMBIO, TÍTULOS E VALORES MOBILIÁRIOS LTDA",IRMAOS GUIMARAES,CANCELADA,,1327125,1009000,BRASIL,SP,SÃO PAULO,,,R LIBERO BADARO 377 - 27 ANDAR,1995-12-31,0.00,1678,1998-01-19,1988-06-29
209,76608025000134,CORRETORAS,ISDRA CVMC S/A,,CANCELADA,,481221,80410000,BRASIL,PR,CURITIBA,,,R HASDRUBAL BELLEGAR 150,1993-12-31,44772457.31,2232,1994-09-13,1967-08-18
210,62051263000187,CORRETORAS,ISOLDI PARTICIPAÇÕES S/A,ISOLDI,CANCELADA,edsonss@isoldi.com.br,31074021,1011100,BRASIL,SP,SÃO PAULO,CENTRO,12º E 13º ANDAR,"RUA SÃO BENTO, 365",2010-12-31,25863869.12,2127,2011-08-10,1967-12-21
211,61194353000164,CORRETORAS,ITAU CORRETORA DE VALORES SA,ITAU CORRETORA,EM FUNCIONAMENTO NORMAL,complianceib@correio.itau.com.br,50199986,4538132,EGITO,SP,SÃO PAULO,ITAIM BIBI,3ºA(PARTE),"AV. BRIG. FARIA LIMA, 3500",2022-12-31,2470691224.62,1732,1967-06-30,1967-06-30
212,33311713000125,CORRETORAS,ITAÚ DTVM S.A.,ITAÚ DTVM S.A.,CANCELADA,relacionamento.reguladores@itau-unibanco.com.br,50199986,4538132,,SP,SÃO PAULO,ITAIM BIBI,3º A (PARTE),"AV. BRIG. FARIA LIMA, 3500",1999-12-31,40556531.44,930,1997-11-12,1968-06-11
213,00952792000102,CORRETORAS,ITAU-BBA CTVM S.A.,BBA CTVM S.A.,CANCELADA,renato.ornelas@itau.com.br,50191122,4344902,BRASIL,SP,SÃO PAULO,PQ. JABAQUARA,T. CONCEIÇÃO 7ºAND,"PÇA. ALFREDO E.S. ARANHA, 100",2003-12-31,0.00,3131,2004-08-02,1995-09-04
214,04217605000190,CORRETORAS,ITAUBANK CCTVM S/A,BANKBOSTON CCTVM S.A.,INCORPORAÇÃO,brazil-financas@itaubank.com.br,33984871,4583110,BRASIL,SP,SÃO PAULO,VILA CORDEIRO,7º ANDAR,AV. DR. CHUCRI ZAIDAN 246,2005-12-31,16465694.17,3441,2006-10-31,2001-01-10
215,92986355000110,CORRETORAS,ITAUVEST S.A. CVM,ITAUVEST S.A. CORRETORA,CANCELADA,drinvest@itau.com.br,50198101,4344902,BRASIL,SP,SÃO PAULO,PQ. JABAQUARA,T.CONC.7ºANDAR,"PÇA. ALFREDO E.S. ARANHA, 100",2005-12-31,10711140.47,2585,2007-08-08,1970-04-10
216,07262108000100,CORRETORAS,J G OLIVEIRA CCTVM,J. G. OLIVEIRA,CANCELADA,,32542399,60025140,BRASIL,CE,FORTALEZA,,,"TRAV.MORADA NOVA,26/SALA 11",2006-12-31,2200367.74,205,2007-08-15,1976-04-23
217,32588139000194,CORRETORAS,J. P. MORGAN CCVM S.A.,J. P. MORGAN CCVM S.A.,EM FUNCIONAMENTO NORMAL,compliance_regulatory_br@jpmorgan.com,49503700,4538905,,SP,SÃO PAULO,ITAIM BIBI,13 ANDAR - PARTE,AV. BRIGADEIRO FARIA LIMA 3729,2022-12-31,1500859258.01,914,1989-06-28,1989-06-28
218,07256659000152,CORRETORAS,J. SAFRA CORRETORA DE VALORES E CÂMBIO LTDA.,J. SAFRA CORRETORA DE VALORES E CÂMBIO LTDA.,CANCELADA,luciana.novazzi@jsafra.com.br,31445380,1310300,BRASIL,SP,SÃO PAULO,CERQUEIRA CÉSAR,,"AV. PAULISTA, 2150",2006-12-31,37761593.55,3557,2008-09-01,2005-04-29
219,14746234000197,CORRETORAS,JMS CVMC LTDA,,CANCELADA,,2418711,40015020,BRASIL,BA,SALVADOR,,,"R LOPES CARDOSO,41-8 ANDAR",1991-12-31,-13493729.35,442,1993-08-16,1986-07-29
220,58202607000134,CORRETORAS,JOSE PINTO S NOVAES NETTO CTVM,,CANCELADA,,,11010121,BRASIL,SP,SANTOS,,,R GAL CAMARA 5 13 AND CJ 1309,1989-12-31,2168912.31,1619,1991-08-06,1990-01-01
221,54580337000144,CORRETORAS,JPM CCTVM SA,JPM - CORRETORA,CANCELADA,rodolpho.bolzachini.filho@jpmorgan.com,30483700,4538905,BRASIL,SP,SÃO PAULO,ITAIM BIBI,11º AO 15º ANDARES,AV BRIGADEIRO FARIA 3729,2001-12-31,0.00,1589,2002-07-12,1984-12-27
222,61780391000107,CORRETORAS,LAVRA DISTRIBUIDORA DE TITULOS E VALORES MOBILIÁRIOS S.A.,LAVRA,CANCELADA,,2392244,1414000,BRASIL,SP,SÃO PAULO,CERQUEIRA CESAR,,R HADDOCK LOBO 595/ 5 E 6 AND.,1994-12-31,5231328.85,1929,1995-09-22,1978-03-02
223,00581621000106,CORRETORAS,LEADERBANK CONSULTORIA E INVESTIMENTO LTDA,SURBANK,CANCELADA,,2254233,80020010,BRASIL,PR,CURITIBA,,,P?A GAL OSORIO 379 CJ 1002,1996-12-31,195689.53,2925,1997-08-22,1995-03-14
224,23581028000165,CORRETORAS,LECCA CVC LTDA,,CANCELADA,,,60125150,BRASIL,CE,FORTALEZA,,,"AV. OSWALDO CRUZ, 881",1989-12-31,3565.97,710,1992-07-22,1988-11-18
225,58160250000179,CORRETORAS,LEMON BANK EMPREENDIMENTOS S.A.,PATAGON CCVM S.A.,CANCELADA,,34433031,1480900,BRASIL,SP,SÃO PAULO,JARDIM PAULISTANO,CJ114-TORRE SUL,AV BRIG FARIA LIMA 1461/11 AND,2002-12-31,12035043.01,1600,2003-05-29,1971-03-10
226,61973863000130,CORRETORAS,LEROSA S/A CORRETORA DE VALORES E CÂMBIO,ESCRITÓRIO LEROSA S/A CV,CANCELADA,contabilidade@lerosa.com.br,35136600,1426001,,SP,SÃO PAULO,CERQUEIRA CESAR,379 - 5 ANDAR,RUA OSCAR FREIRE,2021-12-31,-429450.19,2119,2022-02-28,1967-12-27
227,50579044000196,CORRETORAS,LEVYCAM - CCV LTDA,LEVYCAM,EM FUNCIONAMENTO NORMAL,kneese@levycam.com.br,28139600,1227200,,SP,SÃO PAULO,CONSOLAÇÃO,10º ANDAR - SALA 105 A 108,AVENIDA ANGELICA 2503,2022-12-31,1908966.66,1473,1982-06-11,1982-06-11
228,15219389000138,CORRETORAS,MACRO PARTICIPAÇÕES LTDA,MACRO,CANCELADA,macrocorretora@bovesba.com.br,21018800,40015001,BRASIL,BA,SALVADOR,COMERCIO,EDF. CARLOS KIAPPE,R PORTUGAL 24/ 501 E 502,2015-12-31,1482816.99,477,2016-07-27,1969-02-06
229,36864992000142,CORRETORAS,MAF DISTRIBUIDORA DE TITULOS E VALORES MOBILIARIOS S.A.,MAF DTVM,CANCELADA,juridico.admfiduciaria@apexgroup.com,45601000,22250040,,RJ,RIO DE JANEIRO,BOTAFOGO,TORRE PÃO DE AÇUCAR,"PRAIA DE BOTAFOGO, 501/ 5º ANDAR PARTE",,,3751,2020-11-06,2020-11-06
230,12102869000126,CORRETORAS,MAGNA CCV LTDA,,CANCELADA,,,65020270,BRASIL,MA,SÃO LUÍS,CENTRO,,"RUA DAS HORTAS, 362",1989-12-31,635395.55,400,1992-11-06,1990-01-01
231,04169736000149,CORRETORAS,MANAUS CC LTDA,,CANCELADA,,2343888,69005000,BRASIL,AM,MANAUS,,,"AV FLORIANO PEIXOTO,52-2§ANDAR",1994-12-31,125183.43,43,1995-06-20,1971-07-16
232,84704451000108,CORRETORAS,MANCHESTER ASSESSORIA E PARTICIPAÇÕES LTDA.,--,CANCELADA,manchestercorr@terra.com.br,34332066,89202417,BRASIL,SC,JOINVILLE,BUCAREIN,,"RUA ALEXANDRE SCHLEMM, 300",2007-12-31,18371416.22,2410,2008-06-18,1967-09-29
233,28317501000115,CORRETORAS,"MARLIN S.A. CORRETORA DE CAMBIO, TÍTULOS E VALORES MOBILIÁRIOS",MARLIN,CANCELADA,,2526020,20040030,BRASIL,RJ,RIO DE JANEIRO,CENTRO,,R DO OUVIDOR 121/ 17 ANDAR,2001-12-31,0.00,850,2004-12-16,1983-12-19
234,33918160000173,CORRETORAS,"MASSA FALIDA DA GRADUAL CORRETORA DE CÂMBIO, TÍTULOS E VALORES MOBILIÁRIOS S. A.",GRADUAL CORRETORA,CANCELADA,liquidante@gradualinvestimentos.com.br,33728300,4543907,BRASIL,SP,SÃO PAULO,VILA NOVA CONCEIÇÃO,19 ANDAR,AV JUSCELINO KUBITSCHEK  1909,2017-12-31,-2024724.29,3344,2018-05-22,1999-07-01
235,92885631000153,CORRETORAS,MASSA FALIDA DE DIFERENCIAL CORRETORA DE TÍTULOS E VALORES MOBILIÁRIOS S/A,DIFERENCIAL,LIQUIDAÇÃO EXTRAJUDICIAL,diferencial@diferencial.com.br,30217000,90480001,BRASIL,RS,PORTO ALEGRE,AUXILIADORA,1100,AV. CARLOS GOMES,2011-12-31,4092876.96,2542,2012-08-09,1967-10-17
236,87169629000148,CORRETORAS,MASTER CCVM S/A,,CANCELADA,,,90020080,BRASIL,RS,PORTO ALEGRE,,,PRACA XV NOVEMBRO 66 CJ1406,1990-12-31,21969491.40,2429,1991-11-21,1973-10-31
237,33886862000112,CORRETORAS,"MASTER S/A CORRETORA DE CAMBIO, TITULOS E VALORES MOBILIARIOS",MULTISTOCK S.A. C.C.V.,CANCELADA,compliance.corretora@mastercctvm.com.br,45020100,22250906,,RJ,RIO DE JANEIRO,BOTAFOGO,SALA 1702,"PRAIA DE BOTAFOGO, 228",2002-12-31,15982489.91,1198,2003-08-20,1968-05-30
238,33886862000112,CORRETORAS,"MASTER S/A CORRETORA DE CAMBIO, TITULOS E VALORES MOBILIARIOS",MULTISTOCK S.A. C.C.V.,EM FUNCIONAMENTO NORMAL,compliance.corretora@mastercctvm.com.br,45020100,22250906,,RJ,RIO DE JANEIRO,BOTAFOGO,SALA 1702,"PRAIA DE BOTAFOGO, 228",2022-12-31,31847596.05,3611,2009-02-17,2009-02-17
239,04818886000136,CORRETORAS,MAXIMA CCVM LTDA,MAXIMA,CANCELADA,,22717171,20011040,BRASIL,RJ,RIO DE JANEIRO,,,R RODRIGO SILVA 26 21ANDAR,1996-12-31,4346518.38,94,1998-11-18,1984-11-29
240,92952357000198,CORRETORAS,MBM C P ALEGRENSE DE VM S/A,MBM P ALEGRENSE,CANCELADA,corretora@mbm.org.br,2257061,90020004,BRASIL,RS,PORTO ALEGRE,CENTRO,,"RUA DOS ANDRADAS, 772 /6 ANDAR",2005-12-31,1709363.82,2577,2011-03-31,1969-03-03
241,68738053000148,CORRETORAS,MEINBERG & MEINBERG CCVM LTDA,MEINBERG - CORRETORA,CANCELADA,,,90010410,BRASIL,RS,PORTO ALEGRE,,,R GAL VASCO ALVES 331,1997-12-31,306152.40,2828,1998-08-20,1993-01-06
242,16683062000185,CORRETORAS,MERCANTIL DO BRASIL CORRETORA S/A CTVM,MB CORRETORA,EM FUNCIONAMENTO NORMAL,mb_corretora_gestao@mercantil.com.br,30576731,30160912,,MG,BELO HORIZONTE,CENTRO,9º ANDAR,"RUA RIO DE JANEIRO, 654",2022-12-31,21233103.93,540,1973-11-06,1973-11-06
243,00787296000132,CORRETORAS,"MERCOBANK EMPREENDIMENTOS, PARTICIPAÇOES E SERVIÇOS LTDA",MERCOBANK,CANCELADA,diretoria@mercobank.com.br,21328838,22640100,BRASIL,RJ,RIO DE JANEIRO,BARRA DA TIJUCA,BLOCO 3 / SALA 332,"AV DAS AMÉRICAS, 700",2002-12-31,0.00,3093,2002-11-06,1995-07-25
244,02670590000195,CORRETORAS,MERRILL LYNCH S/A CORRETORA DE TÍTULOS E VALORES MOBILIÁRIOS,--,EM FUNCIONAMENTO NORMAL,pedro.asprino@bofa.com,21884000,4538132,,SP,SÃO PAULO,ITAIM BIBI,12 ANDAR,"AV.BRIGADEIRO FARIA LIMA, 3400",2022-12-31,476001719.30,3271,1998-07-13,1998-07-13
245,35602606000181,CORRETORAS,MIDAS CCTVM S/A,MIDAS,CANCELADA,midasrj@midascorretora.com.br,4641163,20050009,BRASIL,RJ,RIO DE JANEIRO,CENTRO,11° ANDAR,"RUA 7 DE SETEMBRO, 54",2006-12-31,1197091.37,2690,2007-01-03,1991-03-13
246,17830340000142,CORRETORAS,MILBANCO CCV SA,MILBANCO,CANCELADA,,2712255,30160911,BRASIL,MG,BELO HORIZONTE,,,R RIO DE JANEIRO 600  14 ANDAR,1997-12-31,5147529.88,671,2000-10-13,1983-03-18
247,07147382000120,CORRETORAS,MILLENNIUM PARTICIPACOES SA,GAMEX MILLENNIUM CCVM S/A,CANCELADA,rogerio@millenniumcorretora.com.br,25097881,60410710,BRASIL,CE,FORTALEZA,LAGOA REDONDA,,R PROF JOSE A.DE CARVALHO 2432,2008-12-31,1245499.83,191,2009-09-04,1983-02-18
248,12392983000138,CORRETORAS,"MIRAE ASSET BRASIL CORRETORA DE C-MBIO, T-TULOS E VALORES MOBILI-RIOS LTDA",-----,EM FUNCIONAMENTO NORMAL,hyunjun.yim@miraeinvest.com.br,27892000,4538132,,SP,SÃO PAULO,ITAIM BIBI,4 ANDAR,"AV. BRIGADEIRO FARIA LIMA, 3900",2022-12-31,302802764.03,3646,2010-09-27,2010-09-27
249,62977723000100,CORRETORAS,MISASI ADMINISTRAÇÃO DE BENS E PARTICIPAÇÕES LTDA,MISASI,CANCELADA,,31154111,1009000,BRASIL,SP,SÃO PAULO,CENTRO,CJ. 2204,R LIBERO BADARO 377 / 22 ANDAR,1999-12-31,1002311.39,2097,1997-02-05,1990-03-13
250,89552277000130,CORRETORAS,MONTAB CVMC LTDA,MONTAB,CANCELADA,,,90010030,BRASIL,RS,PORTO ALEGRE,,,R GAL JOAO MANOEL 50/TERREO,1993-12-31,6952425.87,2445,1994-06-30,1978-12-13
251,04323351000194,CORRETORAS,MORGAN STANLEY CTVM S.A.,MORGAN STANLEY DEAN WITTER CTVM S.A.,EM FUNCIONAMENTO NORMAL,elaine.souza@morganstanley.com,30486000,4538132,,SP,SÃO PAULO,ITAIM BIBI,"6, 7 E 8 ANDAR",AV BRIG. FARIA LIMA 3.600,2022-12-31,1590138863.54,3468,2001-03-19,2001-03-19
252,00419291000157,CORRETORAS,MULTICRED - ADMINISTRADORA DE BENS LTDA,MULTICRED CORRETORA,CANCELADA,multicred@conectanet.com.br,2253071,70300911,BRASIL,DF,BRASÍLIA,ASA SUL,ED. G. NOMINATO,SCS - Q.05 - BL. C - S/LOJA 10,2011-12-31,2628213.35,2763,2012-08-21,1992-03-18
253,05351887000186,CORRETORAS,"MÚLTIPLA CRÉDITO, FINANCIAMENTO E INVESTIMENTO LTDA.",MULTIPLA CCTVM LTDA,CANCELADA,beatrizpassos@multiplafinanceira.com.br,2773397,60125160,BRASIL,CE,FORTALEZA,DIONISIO TORRES,,"RUA VISCONDE DE MAUA, 3066",2005-12-31,6037682.89,124,2006-10-25,1976-12-30
254,33791781000139,CORRETORAS,MULTIPLIC CVM S/A,MULTIPLIC CVM S/A,CANCELADA,,5346855,1310200,BRASIL,SP,SÃO PAULO,BELA VISTA,T.NORTE/CJ. 118,AV PAULISTA 1842/ 11 ANDAR,1999-12-31,18186794.82,1066,2000-12-18,1967-09-29
255,25674235000190,CORRETORAS,MUNDINVEST S/A CCVM,MUNDINVEST CORRETORA DE VALORES,EM FUNCIONAMENTO NORMAL,mundinvest@mundinvest.com.br,30716565,30140092,,MG,BELO HORIZONTE,LOURDES,6º ANDAR,"RUA GONÇALVES DIAS, 2132",2022-12-31,23788041.10,779,1989-03-14,1989-03-14
256,52904364000108,CORRETORAS,NECTON INVESTIMENTOS S.A. CORRETORA DE VALORES MOBILIÁRIOS E COMMODITIES,NECTON INVESTIMENTOS,CANCELADA,juridico@necton.com.br,32921400,1452002,,SP,SÃO PAULO,JARDIM PAULISTANO,22º ANDAR,"AV. BRIG. FARIA LIMA, 1.355",2021-12-31,36985851.26,1511,2022-08-31,1983-08-25
257,61723847000199,CORRETORAS,NEON CORRETORA DE TITULOS E VALORES MOBILIARIOS S.A.,MAGLIANO,EM FUNCIONAMENTO NORMAL,regulatorio@neon.com.br,31230883,1455000,,SP,SÃO PAULO,AGUA BRANCA,2 ANDAR,AVENIDA FRANCISCO MATARAZZO 1350,2022-12-31,1935046.29,1813,1967-06-23,1967-06-23
258,33764440000174,CORRETORAS,NEYCARVALHO CV S.A.,NEYCARVALHO,CANCELADA,,21936,20090003,BRASIL,RJ,RIO DE JANEIRO,,,AV RIO BRANCO 37/ 710,1995-12-31,0.00,2984,1998-10-23,1989-06-22
259,07365471000142,CORRETORAS,NORSUL CORRETORA DE CÂMBIO E VALORES MOBILIÁRIOS S.A. (atual NORSUL PARTICIPAÇÕES S/A),NORSUL,CANCELADA,,2926617,20050005,BRASIL,RJ,RIO DE JANEIRO,CENTRO,,"R SETE DE SETEMBRO,71 - 10 AND",2000-12-31,3063257.61,213,2001-02-15,1983-12-27
260,04257795000179,CORRETORAS,NOVA FUTURA CTVM LTDA,NOVA FUTURA INVESTIMENTOS,EM FUNCIONAMENTO NORMAL,joaquim@novafutura.com.br,32918000,1418002,,SP,SÃO PAULO,JARDIM PAULISTA,10 ANDAR,ALAMEDA SANTOS 960,2022-12-31,31027292.66,3697,2014-10-31,2014-10-31
261,62170824000167,CORRETORAS,NOVAÇÃO ADMINISTRAÇÃO E PARTICIPAÇÕES LTDA,NOVAÇÃO ADMINISTRAÇÃO E PARTICIPAÇÕES LTDA,CANCELADA,augusto@novacao.com.br,32534644,1310915,BRASIL,SP,SÃO PAULO,CERQUERIA CESAR,20 ANDAR,AV PAULISTA 1294,2002-12-31,0.00,2151,2002-06-17,1968-07-09
262,43060029000171,CORRETORAS,NOVINVEST CORRETORA DE VALORES MOBILIÁRIOS LTDA.,NOVINVEST,EM FUNCIONAMENTO NORMAL,mauricio.leal@novinvest.com.br,32922161,1014001,,SP,SÃO PAULO,CENTRO,63/10° ANDAR,RUA BOA VISTA,2022-12-31,2575303.63,1376,1971-05-20,1971-05-20
263,61802955000157,CORRETORAS,NOVO NORTE S/A CV,NOVO NORTE,CANCELADA,novonorte@nnortecorretora.com.br,2321451,4543900,BRASIL,SP,SÃO PAULO,,,"AV.PRES.J.KUBITSCHEK,1830-6AND",2004-12-31,376083.02,1970,1995-02-17,1989-09-13
264,62169875000179,CORRETORAS,NU INVEST CORRETORA DE VALORES S.A.,EASYNVEST,EM FUNCIONAMENTO NORMAL,capital.markets@nubank.com.br,30648969,5409000,,SP,SÃO PAULO,PINHEIROS,"CONJUNTO 01, 6º ANDAR, CONJUNTO 09 E 8º ANDAR, CONJUNTO 03","RUA CAPOTE VALENTE, 39",2022-12-31,3097270420.78,2143,1968-07-05,1968-07-05
265,76633486000167,CORRETORAS,O. FRANCO PARTICIPAÇÕES IMOBILIÁRIAS LTDA.,OLIVEIRA FRANCO,CANCELADA,ofranco@ofranco.com.br,32337575,80410180,BRASIL,PR,CURITIBA,CENTRO,20º ANDAR -CJ 2002,"AL.DR.CARLOS DE CARVALHO, 417",2019-12-31,1652174.89,2313,2020-07-27,1968-05-13
266,76616978000144,CORRETORAS,"OMAR CAMARGO PARTICIPAÇÕES, ADM. DE BENS E CONSULTORIA LTDA.",--,CANCELADA,omarcamargo@omarcamargo.com.br,30291215,80020922,BRASIL,PR,CURITIBA,CENTRO,1º E 2º ANDARES,"RUA XV DE NOVEMBRO, 297",2013-12-31,11295800.73,2267,2015-03-26,1967-03-23
267,35902295000176,CORRETORAS,OPEN S.A. CORRETORA DE CÂMBIO E VALORES MOBILIÁRIOS,OPEN,CANCELADA,,21776,20040006,BRASIL,RJ,RIO DE JANEIRO,,,AV RIO BRANCO 125 16ANDAR,1995-12-31,0.00,1309,2001-07-02,1989-12-13
268,08933202000106,CORRETORAS,OPERACIONAL-CVC LTDA,,CANCELADA,,,50030000,BRASIL,PE,RECIFE,,,AV MARQUES DE OLINDA 200 S/405,1990-12-31,16099804.06,272,1994-11-07,1984-05-31
269,00087530000119,CORRETORAS,ORBIVAL EMPREENDIMENTOS E PARTICIPAÇÕES LTDA.,ORBIVAL CCVM,CANCELADA,orbival.poa@orbival.com.br,30850540,90010140,BRASIL,RS,PORTO ALEGRE,CENTRO,7* ANDAR,AV.BORGES DE MEDEIROS,2011-12-31,310905.53,3034,2012-12-27,1994-05-18
270,02999677000100,CORRETORAS,Oryx Empreendimentos e Participações Ltda.,ORYX - CORRETORA,CANCELADA,,2197800,4530030,BRASIL,SP,SÃO PAULO,ITAIM BIBI,PARTE,R TENENTE NEGRÃO 140/ 11 ANDAR,2000-12-31,1187345.80,3336,2001-10-22,1999-03-01
271,10984417000190,CORRETORAS,OTBASTO CCTVM LTDA,OTBASTO,CANCELADA,,2945,50030000,BRASIL,PE,RECIFE,,,AV MARQUES DE OLINDA 200 S 308,1996-12-31,195586.72,345,1997-01-15,1968-06-11
272,69577948000100,CORRETORAS,PACTO CCVM LTDA,PACTO,CANCELADA,,22634573,20040020,BRASIL,RJ,RIO DE JANEIRO,,,"PRACA PIO X, 55 GRUPO 904",2001-12-31,0.00,2852,2002-08-05,1993-09-08
273,46403683000129,CORRETORAS,PAGINVEST CORRETORA DE TITULOS E VALORES LTDA.,,EM FUNCIONAMENTO NORMAL,,,1451001,,SP,SÃO PAULO,JARDIM PAULISTANO,10¦ ANDAR,"AVENIDA BRIGADEIRO FARIA LIMA, N¦1485",2023-05-29,15011698.45,3808,2023-03-13,2023-03-13
274,76627819000145,CORRETORAS,PARFISA CTVC S/A,,CANCELADA,,2242175,80420000,BRASIL,PR,CURITIBA,,,"R COMENDADOR ARAUJO,143-14§AND",1994-12-31,321870.00,2291,1995-07-24,1968-01-29
275,48678247000198,CORRETORAS,PAVARINI CVM LTDA.,PAVARINI,CANCELADA,,2321188,11010151,BRASIL,SP,SANTOS,CENTRO,,"R.XV DE NOVEMBRO,111/113 SL.10",1996-12-31,265512.28,1430,1997-06-05,1977-04-19
276,06979363000105,CORRETORAS,PAX PARTICIPAÇÕES LTDA,--,CANCELADA,pax@paxcorretora.com.br,32114200,60060090,BRASIL,CE,FORTALEZA,CENTRO,,"AV DOM MANUEL, 1020",2013-12-31,8056774.97,183,2016-12-13,1975-10-03
277,58242736000156,CORRETORAS,PENFIELD COMMODITY CCV LTDA,PENFIELD,CANCELADA,,,11010080,BRASIL,SP,SANTOS,,,RUA D PEDRO II 16 S.44 45 E 47,1991-12-31,353146768.35,1651,1992-07-13,1969-06-27
278,61243895000180,CORRETORAS,PLANIBANC INVESTIMENTOS S/A,PLANIBANK,CANCELADA,planibanc@planibanc.com.br,31688788,4530030,BRASIL,SP,SÃO PAULO,ITAIM BIBI,5°  ANDAR,"RUA TENENTE NEGRÃO, N° 140",2002-12-31,0.00,1740,2002-08-30,1967-07-12
279,00806535000154,CORRETORAS,PLANNER CORRETORA DE VALORES S.A.,PLANNER CORRETORA DE VALORES S.A.,EM FUNCIONAMENTO NORMAL,corporativo@planner.com.br,21722600,4538132,,SP,SÃO PAULO,ITAIM BIBI,10º ANDAR,"AV. BRIG. FARIA LIMA, 3900",2022-12-31,18566448.35,3107,1995-09-05,1995-09-05
280,24895815000144,CORRETORAS,PLUS CCTVM LTDA,PLUS,CANCELADA,,2246344,30160041,BRASIL,MG,BELO HORIZONTE,,,"R RIO DE JANEIRO,927/807",1997-12-31,-382369.09,760,1998-02-25,1988-02-17
281,52915386000165,CORRETORAS,POLINVEST EMPREENDIMENTOS PARTICIPAÇÕES E ASSESSORIA LTDA,POLINVEST,CANCELADA,polinvest@polinvest.com.br,31072175,1013020,BRASIL,SP,SÃO PAULO,CENTRO,,"RUA DO TESOURO, 23 / 3 ANDAR",2009-12-31,2298960.56,1520,2010-05-27,1983-08-22
282,54099312000123,CORRETORAS,PONTUAL CCVM S.A.,PONTUAL,CANCELADA,,25197,60055080,BRASIL,CE,FORTALEZA,,,R.SENA MADUREIRA 827 SOBRELOJA,1996-12-31,8835069.75,1562,1998-04-09,1984-12-28
283,40161713000151,CORRETORAS,POSITIVA CONSULT S.A.,POSITIVA,CANCELADA,contact@positivactvm.com.br,37971000,22250908,BRASIL,RJ,RIO DE JANEIRO,BOTAFOGO,6º ANDAR,PRAIA DE BOTAFOGO 440,2018-12-31,1388545.79,3689,2019-06-21,2012-11-30
284,33387333000174,CORRETORAS,POTENZA S/A SOC. CORRETORA,POTENZA,CANCELADA,,22774,6473900,BRASIL,SP,BARUERI,,,"AV ANDROMEDA,S/N-PRED.22/NIV.5",1997-12-31,28173166.48,949,1998-07-23,1967-08-04
285,92886340000180,CORRETORAS,PRECISA CCVM S/A,PRECISA,CANCELADA,,1270,90020007,BRASIL,RS,PORTO ALEGRE,,,"R.DOS ANDRADAS,1121/8 ANDAR",1995-12-31,354283.15,2550,1997-11-07,1968-01-19
286,40498305000190,CORRETORAS,PREFERENCIAL SCTMC LTDA,,CANCELADA,,3595570,40280000,BRASIL,BA,SALVADOR,,,R BAHIA 206 SL 206,1993-12-31,18962340.19,2704,1995-01-03,1991-05-02
287,06917793000194,CORRETORAS,PREVIBANK S/A DTVM,PREVIBANK,CANCELADA,corretora@previbank.com.br,40118650,60150150,BRASIL,CE,FORTALEZA,ALDEOTA,GRUPO 404,"RUA DES.LEITE ALBUQUERQUE, 635",2006-12-31,1305711.13,159,2007-01-23,1975-07-18
288,36092302000184,CORRETORAS,PRIME CCV EMPREENDIMENTOS E PARTICIPAÇÕES S.A.,PRIME SA CCV,CANCELADA,prime@primeccv.com.br,22219977,20020906,BRASIL,RJ,RIO DE JANEIRO,CENTRO,GR 701,"AV NILO PECANHA,50",2013-12-31,10888159.80,1406,2016-03-22,1990-03-13
289,73169997000181,CORRETORAS,PRINCIPAL CVM LTDA.,PRINCIPAL,CANCELADA,,2195921,11010150,BRASIL,SP,SANTOS,CENTRO,,"RUA DO COMERCIO, 25/SALA E",1999-12-31,1991164.06,2879,2000-12-21,1993-10-13
290,03500902000185,CORRETORAS,PROMEGA PARTICIPAÇÕES S.A.,PROMEGA S.A. CV,CANCELADA,ebicalho@promega.com.br,34195632,22631000,BRASIL,RJ,RIO DE JANEIRO,BARRA DA TIJUCA,SALAS 205 E 206,AV DAS AMERICAS 500/ BLOCO 14,2005-12-31,0.00,3417,2005-06-13,2000-09-12
291,72741531000146,CORRETORAS,PROSPECÇÃO PARTICIPAÇÕES LTDA,BONUS-BANVAL,CANCELADA,luizmasano@bonusbanval.com.br,37079966,5609000,BRASIL,SP,SÃO PAULO,ITAIM BIBI,JD. GUEDALA,"RUA DR. QUEIROZ GUIMARAES, 167",2007-12-31,574315.03,2810,2008-10-08,1993-07-23
292,02917022000146,CORRETORAS,QUANTIA CCTVM LTDA,QUANTIA CCTVM LTDA,CANCELADA,,,20040020,BRASIL,RJ,RIO DE JANEIRO,CENTRO,,"RUA DA QUITANDA, 52 / 10 ANDAR",1999-12-31,1891318.59,3301,2000-07-07,1999-01-18
293,68726611000155,CORRETORAS,QUANTIA DTVM LTDA,QUANTIA DTVM LTDA,CANCELADA,quantiadtvm@gmail.com,30710505,4531000,BRASIL,SP,SÃO PAULO,ITAM BIBI,2º ANDAR,"RUA PEDROSO ALVARENGA, 1254",2000-12-31,668898.14,3409,2001-03-06,2000-07-07
294,01632132000107,CORRETORAS,RADIAL CORRETORA S/A CTVM,RADIAL,CANCELADA,,2015244,30190000,BRASIL,MG,BELO HORIZONTE,,,"RUA GOITACAZES,43 - 14 AND",1995-12-31,1246779.35,19,1996-10-28,1969-09-05
295,89960090000176,CORRETORAS,RB INVESTIMENTOS DISTRIBUIDORA DE TÍTULOS E VALORES MOBILIÁRIOS LTDA.,RB INVESTIMENTOS DISTRIBUIDORA DE TÍTULOS E VALORES MOBILIÁRIOS LTDA.,CANCELADA,juridico@rbcapital.com,31272700,4552000,EGITO,SP,SÃO PAULO,Vila Olímpia,350 - 14º andar,Rua do Rocio,2006-12-31,1743789.02,2461,2007-09-26,1983-10-07
296,27334341000150,CORRETORAS,REAL SOCIEDADE CTMC LTDA,,CANCELADA,,,70078,BRASIL,DF,BRASÍLIA,,,SBS Q02 ED EMP CENTER S.506,1992-12-31,7096898474.79,809,1993-02-18,1967-08-30
297,05437017000124,CORRETORAS,RENDIMENTO DTVM LTDA,RENDIMENTO DTVM,CANCELADA,,8160789,1452002,BRASIL,SP,SÃO PAULO,,,"AV.BRIG.FARIA LIMA,2092/19 AND",1997-12-31,0.00,132,1997-04-09,1984-09-19
298,30032635000131,CORRETORAS,RIBA CONSULTORIA LTDA.,ARBI,CANCELADA,corretora@bancoarbi.com.br,25291800,22431050,BRASIL,RJ,RIO DE JANEIRO,LEBLON,S/201 - PARTE,RUA DIAS FERREIRA 190,2009-12-31,8035152.63,884,2010-03-30,1978-06-07
299,13434335000160,CORRETORAS,RICO CORRETORA DE TÍTULOS E VALORES MOBILIÁRIOS S.A.,RICO CORRETORA DE TÍTULOS E VALORES MOBILIÁRIOS S.A.,CANCELADA,juridico@rico.com.vc,30272337,4543000,BRASIL,SP,SÃO PAULO,VILA NOVA CONCEIÇÃO,11 ANDAR,"AV. JUSCELINO KUBITSCHEK, 1400",2016-12-31,33991403.50,3654,2018-10-04,2011-05-17
300,90021635000168,CORRETORAS,RIO SINOS CC LTDA,,CANCELADA,,1848,90020007,BRASIL,RS,PORTO ALEGRE,,,"R. ANDRADAS, 1121-S/1002",1994-12-31,250408.20,2470,1995-06-21,1984-05-14
301,42066258000130,CORRETORAS,RJI CORRETORA DE TÍTULOS E VALORES MOBILIÁRIOS LTDA,RJI INVESTIMENTOS,EM FUNCIONAMENTO NORMAL,controladoria@rjicv.com.br,35004500,20040909,,RJ,RIO DE JANEIRO,CENTRO,SALA 402,"AVENIDA RIO BRANCO, 138",2022-12-31,5006309.75,3549,2004-11-05,2004-11-05
302,61787776000198,CORRETORAS,RSBF PARTICIPAÇÕES S.A.,CORRETORA SOUZA BARROS CT SA,CANCELADA,corretora@souzabarros.com.br,32926900,1009907,BRASIL,SP,SÃO PAULO,CENTRO,23º C/D,R  LÍBERO BADARÓ,2013-12-31,35577848.46,1953,2016-01-07,1967-07-25
303,04809885000125,CORRETORAS,RUBEN MARTINS - CC LTDA.,,CANCELADA,,,66020000,BRASIL,PA,BELÉM,,,"TRV. CAMPOS SALES, 28",1995-12-31,185341.89,86,1993-02-08,1972-04-13
304,17694787000131,CORRETORAS,RURAL CTVM S.A.,RURAL,CANCELADA,ruralctv@rural.com.br,32395215,30160041,BRASIL,MG,BELO HORIZONTE,CENTRO,13º ANDAR,"R.RIO DE JANEIRO, 927",2006-12-31,5718442.78,663,2007-06-19,1974-07-09
305,45056579000142,CORRETORAS,SAFIC PARTICIPAÇÕES S/A,SAFIC,CANCELADA,safic@terra.com.br,37043434,1407200,BRASIL,SP,SÃO PAULO,JARDIM PAULISTA,CONJ. 31-B,"AV. NOVE DE JULHO, 4877",2004-12-31,0.00,1392,2004-09-13,1973-07-10
306,60783503000102,CORRETORAS,SAFRA CORRETORA DE VALORES E CÂMBIO LTDA.,SAFRA,EM FUNCIONAMENTO NORMAL,atendimento.regulamentar@safra.com.br,31758627,1310930,,SP,SÃO PAULO,BELA VISTA,,"AV. PAULISTA, 2100",2022-12-31,220573912.25,1686,1967-08-04,1967-08-04
307,61954160000164,CORRETORAS,SANKT GALLEN INVESTIMENTOS LTDA,SANKT GALLEN INVESTIMENTOS LTDA,CANCELADA,sanktgallen@sankgallen.com.br,,,,,,,,,1997-12-31,910895.25,2100,1995-08-11,1989-11-09
308,49474463000184,CORRETORAS,SANTANDER BRASIL S.A. CTVM,SANTANDER BRASIL-COR,CANCELADA,societario.brazil@bancoreal.com.br,31749615,1455000,BRASIL,SP,SÃO PAULO,JARDIM EUROPA,,"RUA HUNGRIA, 1400",2010-12-31,1000000.00,1449,2011-12-09,1978-10-03
309,51014223000149,CORRETORAS,SANTANDER CCVM S/A,--,EM FUNCIONAMENTO NORMAL,alexandre.praxedes@santander.com.br,35533200,4543011,,SP,SÃO PAULO,VILA OLÍMPIA,BL. A CJ. 201,AV. PRES. JUSCELINO KUBITSCHEK,2022-12-31,925557813.79,1503,1982-08-04,1982-08-04
310,61784732000104,CORRETORAS,SANTANDER NOROESTE S/A CCTVM,SANTANDER NOROESTE S/A CCTVM,CANCELADA,,5386000,4752000,BRASIL,SP,SÃO PAULO,SANTO AMARO,,RUA AMADOR BUENO 474,1999-12-31,22049638.52,1945,2000-11-07,1967-08-11
311,61510574000102,CORRETORAS,SANTANDER S.A. CORRETORA DE CÂMBIO E TÍTULOS,BANESPA S.A. CCT,CANCELADA,juridsocietario@santander.com.br,35533200,4543011,BRASIL,SP,SÃO PAULO,Vila Olímpia,2041 e 2235 - 24ºA,Av Pres Juscelino Kubitsckek,2009-12-31,212937607.01,1767,2011-12-09,1967-05-19
312,42154583000155,CORRETORAS,SANTANDER S/A CCVM,SANTANDER S.A. CCVM,CANCELADA,,5084053,20057900,BRASIL,RJ,RIO DE JANEIRO,CENTRO,PARTE,"AV.RIO BRANCO,138 - 16 ANDAR",2001-12-31,27368614.34,1333,2002-07-12,1972-03-07
313,61733515000195,CORRETORAS,SANTANDER SECURITIES (BRASIL) CVM S.A.,ABN AMRO SECURITIES CORRETORA,CANCELADA,juridsocietario@santander.com.br,8276451,4719002,BRASIL,SP,SÃO PAULO,BELA VISTA,1374 3 ANDAR-PARTE,"AV.PAULISTA,",2011-12-31,73704049.81,1848,2012-03-29,1967-07-04
314,61658811000179,CORRETORAS,SANTOS ADMINISTRAÇÃO DE BENS S.A. - EM LIQ. ORDINARIA,SANTOS - CORRETORA,CANCELADA,guerra@bancosantos.com.br,38189017,1455000,BRASIL,SP,SÃO PAULO,CERQUEIRA CéSAR,1.100 - 1º andar,RUA HUNGRIA,2005-12-31,0.00,1783,2009-12-14,1989-08-30
315,61822052000138,CORRETORAS,SAO PAULO CORRETORA DE VALORES LTDA EM LIQUIDACAO,SAO PAULO,CANCELADA,castrojose@uol.com.br,30731565,4531004,BRASIL,SP,SÃO PAULO,ITAIM BIBI,7º ANDAR - CJ 71,"RUA PEDROSO ALVARENGA, 990",2009-12-31,823444.41,2003,2013-07-25,1967-05-22
316,62332077000116,CORRETORAS,SB CCTVM LTDA.,SB,CANCELADA,,6063658,1014000,BRASIL,SP,SÃO PAULO,,,"R BOA VISTA, 208/ 9 AND - CJ.A",1996-12-31,8672089.95,3182,1997-04-16,1996-11-20
317,39696805000157,CORRETORAS,SCOTIABANK BRASIL S.A. CORRETORA DE TÍTULOS E VALORES MOBILIÁRIOS,,EM FUNCIONAMENTO NORMAL,,,1452000,,SP,SÃO PAULO,JD. PAULISTANO,,"AVENIDA BRIGADEIRO FARIA LIMA, 2277, 7º ANDAR, PARTE",2022-12-31,64604330.71,3778,2021-02-24,2021-02-24
318,58228446000158,CORRETORAS,SELLER CCTVM S/A,SELLER,CANCELADA,,1053,1009000,BRASIL,SP,SÃO PAULO,,,R LIBERO BADARO 377/ 28 ANDAR,1995-12-31,0.00,1643,1997-03-27,1968-01-15
319,17352220000187,CORRETORAS,SENSO CORRETORA DE CÂMBIO E VALORES MOBILIÁRIOS S.A,SENSO CORRETORA DE CÂMBIO E VALORES MOBILIÁRIOS S.A,EM FUNCIONAMENTO NORMAL,gilvan.mendonca@sensocorretora.com.br,25055000,22440032,,RJ,RIO DE JANEIRO,LEBLON,135/ SALA 810,AVENIDA ATAULFO DE PAIVA,2022-12-31,23212901.66,3042,1990-11-27,1990-11-27
320,08026957000119,CORRETORAS,SERVECRED - CCVM LTDA,SERVECRED,CANCELADA,,2619955,60160230,BRASIL,CE,FORTALEZA,MEIRELES / ALDEOTA,,AV DOM LUIS 176 / MEZANINO B,2005-12-31,0.00,248,2005-09-13,1971-06-24
321,10974921000109,CORRETORAS,SEVAG - CV LTDA,SEVAG,CANCELADA,,3413956,51030010,BRASIL,PE,RECIFE,,,"R SETUBAL,60",2002-12-31,198393.23,337,2003-02-26,1968-02-13
322,03429275000133,CORRETORAS,SHARE - EKOBANK CCTVM LTDA.,SHARE - EKOBANK,CANCELADA,,,50020050,BRASIL,PE,RECIFE,SÃO JOSÉ,,"RUA DA CONCÓRDIA, 420",2002-12-31,775054.46,3387,2003-03-07,1999-11-10
323,61934725000141,CORRETORAS,SILEX CCVM LTDA,SILEX,CANCELADA,,38045,1418200,BRASIL,SP,SÃO PAULO,Jardim Paulista,5º e 9º andar,ALAMEDA SANTOS 1800 5 E 9 AND,1992-12-31,17346668889.44,2089,1993-09-14,1967-09-29
324,68757681000170,CORRETORAS,SIMPAUL CORRETORA DE CÂMBIO E VALORES MOBILIÁRIOS S.A.,SIMPAUL CCVM,EM FUNCIONAMENTO NORMAL,controlesinternos@simpaul.com.br,33279888,90480000,,RS,PORTO ALEGRE,BOA VISTA,SALA 08,AV CARLOS GOMES 300 7 ANDAR,2022-12-31,10351008.77,2836,1992-12-29,1992-12-29
325,33747221000187,CORRETORAS,SINAL S.A. SOCIEDADE CORRETORA DE VALORES,SINAL,CANCELADA,,38444,20090003,BRASIL,RJ,RIO DE JANEIRO,,,AV RIO BRANCO 1 - 11 ANDAR,1996-12-31,14259361.27,990,1997-11-18,1967-08-18
326,62285390000140,CORRETORAS,SINGULARE CORRETORA DE TITULOS E VALORES MOBILIARIOS S.A.,SINGULARE,EM FUNCIONAMENTO NORMAL,compliance@singulare.com.br,28273500,1452919,BRASIL,SP,SÃO PAULO,JARDIM PAULISTANO,15° ANDARES,"AV. BRIGADEIRO FARIA LIMA,1355",2022-12-31,67303749.38,2178,1989-09-20,1989-09-20
327,74419714000175,CORRETORAS,SINTESE ASSET MANAGEMENT LTDA,SINTESE ASSET MANAGEMENT LTDA,CANCELADA,,2878755,4531001,BRASIL,SP,SÃO PAULO,ITAIM BIBI,CONJ. 21,"R. PEDROSO ALVARENGA, 584",1998-12-31,0.00,2909,1998-11-03,1994-01-26
328,50582527000140,CORRETORAS,SISTEMA SA CCVM,SISTEMA,CANCELADA,,8166422,1480900,BRASIL,SP,SANTOS,SANTOS,,AV XV DE NOVEMBRO 111/ CJ. 03,2000-12-31,0.00,1481,2001-06-25,1982-06-08
329,17315359000150,CORRETORAS,SITA SOCIEDADE CCVM S.A.,SITA,EM FUNCIONAMENTO NORMAL,sita@sita.com.br,33034887,30130131,,MG,BELO HORIZONTE,FUNCIONÁRIOS,CASA,"RUA RIO GRANDE DO NORTE, 988",2022-12-31,64756756.34,612,1967-09-08,1967-09-08
330,50657675000186,CORRETORAS,SLW CVC LTDA,SLW,CANCELADA,clubesefundos@slw.com.br,30489900,4530001,,SP,SÃO PAULO,ITAIM BIBI,717 10º ANDAR,R DOUTOR RENATO PAES DE BARROS,2021-12-31,-1676188.85,1490,2022-10-27,1978-08-07
331,61668117000132,CORRETORAS,"SOCIETE GENERALE S.A. CORRETORA DE CAMBIO, TITULOS E VALORES MOBILIARIOS",SOCIETE GENERALE S.A. CCTVM,CANCELADA,eduardo.pazin@sgcib.com,32178000,1310300,BRASIL,SP,SÃO PAULO,CERQUEIRA CÉSAR,9,"AV. PAULISTA, 2300",2016-12-31,90681512.27,1791,2017-12-22,1967-05-19
332,62353172000104,CORRETORAS,SOL NASCENTE SA CCVM,SOL NASCENTE,CANCELADA,,2327822,1017020,BRASIL,SP,SÃO PAULO,,,R ROBERTO SIMONSEN 72/78,1995-12-31,4785501.25,2186,1996-09-17,1968-08-26
333,96477906000170,CORRETORAS,"SOLIDEZ - CORRETORA DE CÂMBIO, TÍTULOS E VALORES MOBILIÁRIOS LIMITADA",SOLIDEZ,EM FUNCIONAMENTO NORMAL,controladoria@solidez.com.br,31152366,1013100,,SP,SÃO PAULO,CENTRO,5º ANDAR,"RUA XV DE NOVEMBRO, 184",2022-12-31,-72686130.61,2801,1993-03-24,1993-03-24
334,61739629000142,CORRETORAS,SPINELLI S/A CVMC,SPINELLI,CANCELADA,compliance@spinelli.com.br,21420582,1452002,BRASIL,SP,SÃO PAULO,PINHEIROS,4º ANDAR,"AV. BRIG. FARIA LIMA, 1355",2017-12-31,21142060.38,1864,2018-12-18,1967-06-09
335,00355236000140,CORRETORAS,SPIRIT CV  LTDA,SPIRIT,CANCELADA,spirit@spirit.com.br,33525555,80030000,BRASIL,PR,CURITIBA,ALTO DA GLORIA,CONJ. 101/102,"AV. JOÃO GUALBERTO, 731",2005-12-31,1116428.16,2917,2006-01-13,1994-12-05
336,11513306000168,CORRETORAS,STARINVEST S.A. PARTICIPAÇÕES,STARINVEST CORRETORA,CANCELADA,gerardo@starinvest.com.br,2241292,50010000,BRASIL,PE,RECIFE,SANTO ANTONIO,,R. SIQUEIRA CAMPOS 251/ CJ.201,2002-12-31,676197.26,396,2003-11-17,1979-07-27
337,46778320000178,CORRETORAS,STATUS ADMINISTRAÇÃO E PARTICIPAÇÕES LTDA.,STATUS,CANCELADA,statuscorretora@uol.com.br,32195150,11010090,BRASIL,SP,SANTOS,CENTRO,,"RUA FREI GASPAR, 52",2002-12-31,594532.00,1414,2003-08-15,1975-07-18
338,61841326000136,CORRETORAS,SUPLICY CCT LTDA,SUPLICY CCT LTDA,CANCELADA,,2323181,1074900,BRASIL,SP,SÃO PAULO,,,R LIBERO BADARO 377 3 AND,1996-12-31,12915735.61,2020,1998-02-16,1967-08-18
339,92904960000102,CORRETORAS,SUPORTE CCVM LTDA,SUPORTE,CANCELADA,,,90010140,BRASIL,RS,PORTO ALEGRE,,,R URUGUAI 287/3 E 10 ANDARES,1994-12-31,210917.70,2569,1995-04-06,1968-06-21
340,08030140000114,CORRETORAS,SUPRA GESTÃO DE NEGÓCIOS LTDA,SUPRA CVM LTDA,CANCELADA,daniela@ssupradtvm.com.br,32576744,1301903,BRASIL,SP,SÃO PAULO,CENTRO,11 ANDAR,"RUA DA CONSOLAÇÃO, 247",2002-12-31,2644136.85,256,2002-11-13,1971-12-09
341,49951411000151,CORRETORAS,TAKEOVER CCVM LTDA,TAKEOVER CCVM,CANCELADA,,2192188,11010151,BRASIL,SP,SANTOS,CENTRO,,R XV DE NOVEMBRO 111/ SALA 07,1999-12-31,528411.10,1465,2000-12-14,1978-10-10
342,61729133000198,CORRETORAS,TALARICO ADMINISTRAÇÃO DE BENS PRÓPRIOS LTDA,TALARICO,CANCELADA,talarico@talaricocctm.com.br,31456300,1310921,BRASIL,SP,SÃO PAULO,CERQUEIRA CESAR,6º ANDAR,"AV. PAULISTA, 1776",2013-12-31,22014303.25,1821,2016-05-20,1967-06-09
343,33638727000158,CORRETORAS,TAMOYO INVEST. S.A. CTVM,TAMOYO,CANCELADA,,21928,20010010,BRASIL,RJ,RIO DE JANEIRO,,,"PCA XV DE NOVEMBRO,32-34/7 AND",1995-12-31,0.00,2992,2012-04-26,1993-11-01
344,58506221000116,CORRETORAS,TENDÊNCIA ADMINISTRADORA DE BENS LTDA.,TENDENCIA,CANCELADA,jk@tendencia.com.br,38185000,1452002,BRASIL,SP,SÃO PAULO,PINHEIROS,20 AND,"AV.BRIGADEIRO FARIA LIMA, 2092",2016-12-31,3247904.89,1660,2017-08-14,1987-12-29
345,88720586000100,CORRETORAS,TERRAMAR CCVM S/A,TERRAMAR,CANCELADA,,1256,90010001,BRASIL,RS,PORTO ALEGRE,,,R SIQUEIRA CAMPOS 1163 4 ANDAR,1995-12-31,157249.21,2437,1996-11-29,1986-05-29
346,73004715000196,CORRETORAS,THECA EMPREENDIMENTOS E PARTICIPAÇÕES LTDA,THECA,CANCELADA,joseramon@theca.com.br,25041100,1407200,BRASIL,SP,SÃO PAULO,JARDIM PAULISTA,3 AND TORRE EUROPA,"AVENIDA NOVE DE JULHO, 4939",2010-12-31,23518602.38,434,2011-02-25,1995-01-30
347,35028018000186,CORRETORAS,TLACH CCTVM,TLACH,CANCELADA,,,90040150,BRASIL,SP,SANTO ANDRÉ,CENTRO,,RUA JOSE ALBANO 85,2004-12-31,352329.42,2615,2000-08-03,1989-12-13
348,29162769000198,CORRETORAS,TORO CORRETORA DE TÍTULOS E VALORES MOBILIARIOS S/A,TORO CORRETORA DE T-TULOS E VALORES MOBILI-RIOS LTDA,EM FUNCIONAMENTO NORMAL,juridico@toroinvestimentos.com.br,36658700,30140080,,MG,BELO HORIZONTE,FUNCIONÁRIOS,7º A 9º ANDARES,"RUA BERNARDO GUIMARÃES, Nº 166",2022-12-31,307415811.00,3719,2018-01-12,2018-01-12
349,61777819000154,CORRETORAS,TORRE CCVM S/A,,CANCELADA,,,1310300,BRASIL,SP,SÃO PAULO,,,"AV.PAULISTA, 2240-3 ANDAR",1991-12-31,6224555.91,1910,1992-04-13,1967-06-27
350,57582264000118,CORRETORAS,TORRE CORRETORA DE CÂMBIO S/A,TORRE CCTVM S.A.,CANCELADA,torrecorretora@torrecorretora.com.br,2289338,4532001,BRASIL,SP,SÃO PAULO,ITAIM BIBI,10 ANDAR CONJ. 102,"RUA BANDEIRA PAULISTA, 600",2004-12-31,359560.13,3450,2003-10-06,2001-01-31
351,29384013000193,CORRETORAS,TOTAL SA CCVM,TOTAL CCVM,CANCELADA,,22240052,20040030,BRASIL,RJ,RIO DE JANEIRO,,,R OUVIDOR 121 - 4 AND,1995-12-31,586679.20,868,1996-04-30,1985-05-13
352,74451022000104,CORRETORAS,TOV CCTVM LTDA,TOV CCTVM LTDA,CANCELADA,miltonantoniazzi@tov.com.br,27872800,37701010,BRASIL,MG,POÇOS DE CALDAS,CENTRO,SALA 704,"RUA PREFEITO CHAGAS,305",2013-12-31,43598292.36,3433,2016-01-07,2001-01-04
353,27245141000120,CORRETORAS,TRIPLIK S/A CVC,TRIPLIK,CANCELADA,,2118282,20090000,BRASIL,RJ,RIO DE JANEIRO,,,"R SAO BENTO, 8 - 13 ANDAR",1992-12-31,23624459264.61,795,1994-11-18,1975-06-24
354,32461816000109,CORRETORAS,TRISTAO S/A CVC,,CANCELADA,,,29050420,BRASIL,ES,VITÓRIA,,,AV N S NAVEGANTES 675 8 ANDAR,1992-12-31,9055961088.04,2607,1994-11-18,1989-10-17
355,61747085000160,CORRETORAS,TULLETT PREBON BRASIL CORRETORA DE VALORES E CÂMBIO LTDA,CONVENCAO,EM FUNCIONAMENTO NORMAL,juridico@tullettprebon.com.br,21114800,4551080,,SP,SÃO PAULO,VILA OLÍMPIA,21º ANDAR,RUA SÃO TOMÉ 86,2022-12-31,72245394.18,1872,1967-08-09,1967-08-09
356,02819125000173,CORRETORAS,"UBS BRASIL CORRETORA DE CAMBIO, TITULOS E VALORES MOBILIARIOS S.A.","UBS BRASIL CORRETORA DE CAMBIO, TITULOS E VALORES MOBILIARIOS S.A.",EM FUNCIONAMENTO NORMAL,daniel.bassan@ubs.com,20506500,4538132,EGITO,SP,SÃO PAULO,ITAIM BIBI,7º ANDAR/PARTE,"AV. BRIGA. FARIA LIMA, 4.440",2022-12-31,532901580.05,3328,1999-03-17,1999-03-17
357,35754969000132,CORRETORAS,UBS CORRETORA DE CÂMBIO E VALORES MOBILIÁRIOS S.A.,UBS WARBURG CCVM S.A.,CANCELADA,dl-unicad@ubs.com,25553000,22359900,BRASIL,RJ,RIO DE JANEIRO,BOTAFOGO,16 AND. ALA B,PRAIA DE BOTAFOGO 228,2006-12-31,104300201.76,1244,2007-10-29,1989-06-28
358,33968066000129,CORRETORAS,UM INVESTIMENTOS SA CTVM,UM INVESTIMENTOS,CANCELADA,compliance@uminvestimentos.com.br,23232424,20010010,BRASIL,RJ,RIO DE JANEIRO,CENTRO,1202,"PRAÇA XV DE NOVEMBRO, 20",2018-12-31,19293066.34,1210,2019-09-20,1969-08-12
359,89560460000188,CORRETORAS,UNIBANCO CORRETORA DE VALORES MOBILIÁRIOS E CÂMBIO S/A,INVESTSHOP CVMC S.A.,CANCELADA,relacionamento.bacen@itau-unibanco.com.br,50193201,5423901,BRASIL,SP,SÃO PAULO,PINHEIROS,,"AV EUSEBIO MATOSO, 891",2011-12-31,25205414.72,2453,2012-10-01,1978-11-07
360,33764366000196,CORRETORAS,UNIBANCO CVM S/A,UNIBANCO,CANCELADA,unibancocorretora@unibanco.com.br,30974577,1012010,BRASIL,SP,SÃO PAULO,CENTRO,3 ANDAR,"RUA DA QUITANDA, 157",2004-12-31,86025120.28,1023,2005-12-22,1967-09-29
361,06971154000107,CORRETORAS,UNICA CCV LTDA,UNICA,CANCELADA,unica@famas.com.br,2558071,60140061,BRASIL,CE,FORTALEZA,ALDEOTA,SALA 05,"AV.HERACLITO GRAÇA, 1245",2005-12-31,2173033.25,175,2006-10-02,1975-11-12
362,28156214000170,CORRETORAS,UNILETRA CCTVM S.A.,UNILETRA,CANCELADA,compliance@uniletra.com.br,40090454,29056075,BRASIL,ES,VITÓRIA,SANTA LÚCIA,"2035, 3º ANDAR",AV NOSSA SENHORA DA PENHA,2019-12-31,-4062427.72,825,2020-02-13,1968-09-02
363,47675871000179,CORRETORAS,UNITED C SA CVM,SANTISTA,CANCELADA,,70625,1455070,BRASIL,SP,SÃO PAULO,,,R ANGELINA MAFFEI VITA 607,1994-12-31,3572463.51,1422,1995-03-16,1976-05-05
364,62065578000183,CORRETORAS,VALOR CORRETORA DE CÂMBIO TÍTULOS E VALORES MOBILIÁRIOS LTDA. EM LIQUIDAÇÃO EXTRAJUDICIAL,VALOR CCTVM LTDA.,CANCELADA,,8298487,4534013,BRASIL,SP,SÃO PAULO,ITAIM BIBI,SALA 02,R.JOAQUIM FLORIANO 831/ 1 AND.,1996-12-31,443670.54,3140,2003-01-22,1995-10-26
365,60866951000170,CORRETORAS,"VAZ GUIMARAES, BRAGA S/A CCT",VAZ GUIMARAES,CANCELADA,,6048191,1014001,BRASIL,SP,SÃO PAULO,,,R BOA VISTA 63/ 7 ANDAR,1995-12-31,4844658.43,1694,1996-10-14,1968-01-19
366,36149557000136,CORRETORAS,VEGAMIX PRESTADORA DE SERVIÇOS S.A. - EM LIQUIDAÇÃO ORDINÁRIA,VEGA SA CCVM,CANCELADA,,2312055,20011040,BRASIL,RJ,RIO DE JANEIRO,CENTRO,,RUA RODRIGO SILVA 26/12 ANDAR,1996-12-31,2663205.65,1120,2014-08-27,1990-03-08
367,36159085000100,CORRETORAS,VETOR EMPREENDIMENTOS E PARTICIPAÇÕES S.A,VETOR - CORRETORA,CANCELADA,,2975115,20010120,BRASIL,RJ,RIO DE JANEIRO,,,R DO MERCADO 11 - 7 E 8 AND,1996-12-31,16848484.25,1180,1998-07-22,1990-03-01
368,01170892000131,CORRETORAS,VOTORANTIM CTVM LTDA,VOTORANTIM,CANCELADA,demandasregulatorias@bancovotorantim.com.br,51711894,4794000,BRASIL,SP,SÃO PAULO,VL.GERTRUDES,TORRE A-14º ANDAR,"AV DAS NAÇÕES UNIDAS, 14.171",2017-12-31,266791832.77,3166,2018-08-27,1996-03-15
369,61769790000169,CORRETORAS,WALPIRES S/A CCTVM,WALPIRES S/A CCTVM,CANCELADA,andre@walpires.com.br,28087065,1452002,BRASIL,SP,SÃO PAULO,JARDIM PAULISTANO,1309 - 9ºANDAR,AVENIDA BRIGADEIRO FARIA LIMA,2017-12-31,7464373.90,1902,2019-09-24,1967-09-20
370,92875780000131,CORRETORAS,WARREN CORRETORA DE VALORES MOBILIÁRIOS E CÂMBIO LTDA.,WARREN CORRETORA,EM FUNCIONAMENTO NORMAL,compliance@warren.com.br,32372273,90035191,,RS,PORTO ALEGRE,BOM FIM,2º ANDAR,"AVENIDA OSVALDO ARANHA, 720",2022-12-31,23398120.52,2534,1967-12-06,1967-12-06
371,24543688000114,CORRETORAS,WARREN CORRETORA DE VALORES MOBILIÁRIOS E CÂMBIO LTDA.,PERFIL,CANCELADA,,2249022,52061540,BRASIL,PE,RECIFE,CASA FORTE,,"AV.17 DE AGOSTO,2579",1996-12-31,608260.02,2658,1997-02-21,1989-11-14
372,02332886000104,CORRETORAS,XP INVESTIMENTOS CCTVM S.A.,XP INVESTIMENTOS,EM FUNCIONAMENTO NORMAL,lucas.rabechini@xpi.com.br,30272237,22440032,EGITO,RJ,RIO DE JANEIRO,LEBLON,5º Andar,AVENIDA ATAULFO DE PAIVA 153,2022-12-31,8288904369.58,3247,1998-02-10,1997-12-05
